image,label
HG10/pinky/keep\WIN_20180602_17_55_57_Pro_18.jpg,5
HG10/pinky/keep\WIN_20180602_17_53_56_Pro_20.jpg,5
HG10/thumb_up/keep\WIN_20180602_17_47_59_Pro 15.jpg,8
HG10/pinky/keep\WIN_20180602_17_55_57_Pro_16.jpg,5
HG10/thumb_up/keep\WIN_20180602_17_43_16_Pro_07.jpg,8
HG10/okay/keep\WIN_20180602_16_29_16_Pro_03.jpg,4
HG10/yeah/keep\WIN_20180602_17_51_08_Pro_27.jpg,9
HG10/okay/keep\WIN_20180602_16_26_59_Pro_32.jpg,4
HG10/rock_on/keep\WIN_20180602_17_38_35_Pro_01.jpg,7
HG10/5_finger_close/keep\WIN_20180602_17_32_15_Pro_06.jpg,0
HG10/pinky/keep\WIN_20180602_17_54_43_Pro_10.jpg,5
HG10/5_finger_open/keep\WIN_20180602_16_08_01_Pro_096.jpg,1
HG10/5_finger_open/keep\WIN_20180602_16_08_01_Pro_140.jpg,1
HG10/5_finger_open/keep\WIN_20180602_16_08_01_Pro_100.jpg,1
HG10/camera/keep\WIN_20180602_17_24_36_Pro_34.jpg,2
HG10/hand_gun/keep\WIN_20180602_17_10_05_Pro_61.jpg,3
HG10/camera/keep\WIN_20180602_17_28_36_Pro_04.jpg,2
HG10/hand_gun/keep\WIN_20180602_17_10_05_Pro_23.jpg,3
HG10/rock_on/keep\WIN_20180602_17_38_35_Pro_13.jpg,7
HG10/hand_gun/keep\WIN_20180602_17_11_17_Pro_34.jpg,3
HG10/camera/keep\WIN_20180602_17_28_36_Pro_05.jpg,2
HG10/thumb_up/keep\WIN_20180602_17_43_16_Pro_19.jpg,8
HG10/camera/keep\WIN_20180602_17_24_36_Pro_26.jpg,2
HG10/camera/keep\WIN_20180602_17_27_18_Pro_11.jpg,2
HG10/thumb_up/keep\WIN_20180602_17_43_16_Pro_37.jpg,8
HG10/rock_on/keep\WIN_20180602_17_37_57_Pro_52.jpg,7
HG10/okay/keep\WIN_20180602_16_29_16_Pro_14.jpg,4
HG10/camera/keep\WIN_20180602_17_27_18_Pro_32.jpg,2
HG10/thumb_up/keep\WIN_20180602_17_43_16_Pro_50.jpg,8
HG10/camera/keep\WIN_20180602_17_24_36_Pro_43.jpg,2
HG10/5_finger_close/keep\WIN_20180602_17_34_08_Pro_03.jpg,0
HG10/okay/keep\WIN_20180602_16_26_59_Pro_31.jpg,4
HG10/rock_on/keep\WIN_20180602_17_38_35_Pro_47.jpg,7
HG10/5_finger_close/keep\WIN_20180602_17_34_08_Pro_27.jpg,0
HG10/hand_gun/keep\WIN_20180602_17_09_20_Pro_31.jpg,3
HG10/5_finger_open/keep\WIN_20180602_16_23_28_Pro_54.jpg,1
HG10/5_finger_open/keep\WIN_20180602_16_22_54_Pro_114.jpg,1
HG10/camera/keep\WIN_20180602_17_27_18_Pro_04.jpg,2
HG10/hand_gun/keep\WIN_20180602_17_11_17_Pro_21.jpg,3
HG10/camera/keep\WIN_20180602_17_24_36_Pro_16.jpg,2
HG10/thumb_up/keep\WIN_20180602_17_45_06_Pro_28.jpg,8
HG10/point/keep\WIN_20180602_17_18_19_Pro_55.jpg,6
HG10/pinky/keep\WIN_20180602_17_53_56_Pro_51.jpg,5
HG10/5_finger_open/keep\WIN_20180602_16_08_01_Pro_107.jpg,1
HG10/camera/keep\WIN_20180602_17_27_18_Pro_64.jpg,2
HG10/point/keep\WIN_20180602_17_18_19_Pro_61.jpg,6
HG10/okay/keep\WIN_20180602_16_27_54_Pro_33.jpg,4
HG10/5_finger_open/keep\WIN_20180602_16_02_31_Pro_072.jpg,1
HG10/thumb_up/keep\WIN_20180602_17_45_06_Pro_23.jpg,8
HG10/pinky/keep\WIN_20180602_17_54_43_Pro_56.jpg,5
HG10/5_finger_open/keep\WIN_20180602_16_23_28_Pro_52.jpg,1
HG10/point/keep\WIN_20180602_17_17_37_Pro_35.jpg,6
HG10/pinky/keep\WIN_20180602_17_54_43_Pro_28.jpg,5
HG10/yeah/keep\WIN_20180602_17_51_08_Pro_14.jpg,9
HG10/okay/keep\WIN_20180602_16_26_59_Pro_18.jpg,4
HG10/point/keep\WIN_20180602_17_18_19_Pro_44.jpg,6
HG10/pinky/keep\WIN_20180602_17_54_43_Pro_35.jpg,5
HG10/thumb_up/keep\WIN_20180602_17_43_16_Pro_04.jpg,8
HG10/5_finger_open/keep\WIN_20180602_16_08_01_Pro_076.jpg,1
HG10/okay/keep\WIN_20180602_16_29_16_Pro_04.jpg,4
HG10/camera/keep\WIN_20180602_17_24_36_Pro_52.jpg,2
HG10/yeah/keep\WIN_20180602_17_49_21_Pro_26.jpg,9
HG10/pinky/keep\WIN_20180602_17_54_43_Pro_54.jpg,5
HG10/rock_on/keep\WIN_20180602_17_37_57_Pro_36.jpg,7
HG10/camera/keep\WIN_20180602_17_27_18_Pro_27.jpg,2
HG10/camera/keep\WIN_20180602_17_24_36_Pro_09.jpg,2
HG10/pinky/keep\WIN_20180602_17_54_43_Pro_37.jpg,5
HG10/thumb_up/keep\WIN_20180602_17_44_08_Pro_35.jpg,8
HG10/rock_on/keep\WIN_20180602_17_38_35_Pro_55.jpg,7
HG10/point/keep\WIN_20180602_17_17_37_Pro_27.jpg,6
HG10/thumb_up/keep\WIN_20180602_17_43_16_Pro_32.jpg,8
HG10/5_finger_close/keep\WIN_20180602_17_33_03_Pro_59.jpg,0
HG10/yeah/keep\WIN_20180602_17_51_08_Pro_44.jpg,9
HG10/pinky/keep\WIN_20180602_17_54_43_Pro_40.jpg,5
HG10/thumb_up/keep\WIN_20180602_17_43_16_Pro_34.jpg,8
HG10/okay/keep\WIN_20180602_16_27_54_Pro_41.jpg,4
HG10/5_finger_open/keep\WIN_20180602_16_02_31_Pro_118.jpg,1
HG10/pinky/keep\WIN_20180602_17_55_57_Pro_15.jpg,5
HG10/thumb_up/keep\WIN_20180602_17_44_08_Pro_18.jpg,8
HG10/okay/keep\WIN_20180602_16_26_59_Pro_39.jpg,4
HG10/pinky/keep\WIN_20180602_17_54_43_Pro_50.jpg,5
HG10/rock_on/keep\WIN_20180602_17_38_35_Pro_24.jpg,7
HG10/pinky/keep\WIN_20180602_17_55_57_Pro_32.jpg,5
HG10/hand_gun/keep\WIN_20180602_17_10_05_Pro_16.jpg,3
HG10/5_finger_open/keep\WIN_20180602_16_23_28_Pro_25.jpg,1
HG10/camera/keep\WIN_20180602_17_27_18_Pro_29.jpg,2
HG10/okay/keep\WIN_20180602_16_26_59_Pro_23.jpg,4
HG10/yeah/keep\WIN_20180602_17_49_21_Pro_42.jpg,9
HG10/pinky/keep\WIN_20180602_17_55_57_Pro_11.jpg,5
HG10/camera/keep\WIN_20180602_17_28_36_Pro_22.jpg,2
HG10/yeah/keep\WIN_20180602_17_51_08_Pro_10.jpg,9
HG10/okay/keep\WIN_20180602_16_29_16_Pro_33.jpg,4
HG10/5_finger_open/keep\WIN_20180602_16_22_54_Pro_027.jpg,1
HG10/camera/keep\WIN_20180602_17_28_36_Pro_08.jpg,2
HG10/yeah/keep\WIN_20180602_17_51_08_Pro_07.jpg,9
HG10/5_finger_close/keep\WIN_20180602_17_33_03_Pro_32.jpg,0
HG10/thumb_up/keep\WIN_20180602_17_43_16_Pro_03.jpg,8
HG10/yeah/keep\WIN_20180602_17_50_10_Pro_43.jpg,9
HG10/hand_gun/keep\WIN_20180602_17_09_20_Pro_04.jpg,3
HG10/rock_on/keep\WIN_20180602_17_37_57_Pro_40.jpg,7
HG10/pinky/keep\WIN_20180602_17_54_43_Pro_49.jpg,5
HG10/thumb_up/keep\WIN_20180602_17_45_06_Pro_05.jpg,8
HG10/camera/keep\WIN_20180602_17_27_18_Pro_45.jpg,2
HG10/5_finger_open/keep\WIN_20180602_16_22_54_Pro_068.jpg,1
HG10/5_finger_open/keep\WIN_20180602_16_08_01_Pro_168.jpg,1
HG10/thumb_up/keep\WIN_20180602_17_43_16_Pro_51.jpg,8
HG10/camera/keep\WIN_20180602_17_27_18_Pro_42.jpg,2
HG10/okay/keep\WIN_20180602_16_29_16_Pro_09.jpg,4
HG10/camera/keep\WIN_20180602_17_27_18_Pro_59.jpg,2
HG10/point/keep\WIN_20180602_17_18_19_Pro_01.jpg,6
HG10/thumb_up/keep\WIN_20180602_17_47_59_Pro 07.jpg,8
HG10/rock_on/keep\WIN_20180602_17_38_35_Pro_61.jpg,7
HG10/5_finger_open/keep\WIN_20180602_16_02_31_Pro_009.jpg,1
HG10/5_finger_close/keep\WIN_20180602_17_32_15_Pro_36.jpg,0
HG10/5_finger_open/keep\WIN_20180602_16_02_31_Pro_129.jpg,1
HG10/okay/keep\WIN_20180602_16_29_16_Pro_12.jpg,4
HG10/yeah/keep\WIN_20180602_17_49_21_Pro_10.jpg,9
HG10/yeah/keep\WIN_20180602_17_50_10_Pro_46.jpg,9
HG10/yeah/keep\WIN_20180602_17_49_21_Pro_07.jpg,9
HG10/okay/keep\WIN_20180602_16_27_54_Pro_43.jpg,4
HG10/okay/keep\WIN_20180602_16_27_54_Pro_44.jpg,4
HG10/hand_gun/keep\WIN_20180602_17_11_17_Pro_01.jpg,3
HG10/5_finger_close/keep\WIN_20180602_17_33_03_Pro_18.jpg,0
HG10/5_finger_close/keep\WIN_20180602_17_33_03_Pro_17.jpg,0
HG10/rock_on/keep\WIN_20180602_17_37_57_Pro_06.jpg,7
HG10/okay/keep\WIN_20180602_16_26_59_Pro_24.jpg,4
HG10/thumb_up/keep\WIN_20180602_17_43_16_Pro_49.jpg,8
HG10/hand_gun/keep\WIN_20180602_17_10_05_Pro_28.jpg,3
HG10/thumb_up/keep\WIN_20180602_17_43_16_Pro_10.jpg,8
HG10/thumb_up/keep\WIN_20180602_17_45_06_Pro_09.jpg,8
HG10/yeah/keep\WIN_20180602_17_50_10_Pro_40.jpg,9
HG10/5_finger_open/keep\WIN_20180602_16_08_01_Pro_053.jpg,1
HG10/rock_on/keep\WIN_20180602_17_38_35_Pro_49.jpg,7
HG10/thumb_up/keep\WIN_20180602_17_45_06_Pro_16.jpg,8
HG10/okay/keep\WIN_20180602_16_26_59_Pro_34.jpg,4
HG10/5_finger_open/keep\WIN_20180602_16_02_31_Pro_080.jpg,1
HG10/rock_on/keep\WIN_20180602_17_37_57_Pro_23.jpg,7
HG10/hand_gun/keep\WIN_20180602_17_11_17_Pro_14.jpg,3
HG10/hand_gun/keep\WIN_20180602_17_10_05_Pro_20.jpg,3
HG10/5_finger_close/keep\WIN_20180602_17_32_15_Pro_25.jpg,0
HG10/thumb_up/keep\WIN_20180602_17_44_08_Pro_02.jpg,8
HG10/yeah/keep\WIN_20180602_17_49_21_Pro_05.jpg,9
HG10/thumb_up/keep\WIN_20180602_17_43_16_Pro_27.jpg,8
HG10/5_finger_open/keep\WIN_20180602_16_08_01_Pro_049.jpg,1
HG10/rock_on/keep\WIN_20180602_17_38_35_Pro_27.jpg,7
HG10/point/keep\WIN_20180602_17_18_19_Pro_17.jpg,6
HG10/point/keep\WIN_20180602_17_18_19_Pro_02.jpg,6
HG10/5_finger_open/keep\WIN_20180602_16_22_54_Pro_001.jpg,1
HG10/rock_on/keep\WIN_20180602_17_39_36_Pro_25.jpg,7
HG10/okay/keep\WIN_20180602_16_26_59_Pro_47.jpg,4
HG10/thumb_up/keep\WIN_20180602_17_43_16_Pro_09.jpg,8
HG10/5_finger_close/keep\WIN_20180602_17_34_08_Pro_16.jpg,0
HG10/camera/keep\WIN_20180602_17_27_18_Pro_58.jpg,2
HG10/yeah/keep\WIN_20180602_17_49_21_Pro_11.jpg,9
HG10/point/keep\WIN_20180602_17_18_19_Pro_45.jpg,6
HG10/hand_gun/keep\WIN_20180602_17_09_20_Pro_09.jpg,3
HG10/camera/keep\WIN_20180602_17_27_18_Pro_17.jpg,2
HG10/5_finger_close/keep\WIN_20180602_17_32_15_Pro_02.jpg,0
HG10/thumb_up/keep\WIN_20180602_17_44_08_Pro_19.jpg,8
HG10/yeah/keep\WIN_20180602_17_50_10_Pro_08.jpg,9
HG10/point/keep\WIN_20180602_17_17_37_Pro_10.jpg,6
HG10/5_finger_open/keep\WIN_20180602_16_23_28_Pro_33.jpg,1
HG10/5_finger_open/keep\WIN_20180602_16_08_01_Pro_082.jpg,1
HG10/5_finger_open/keep\WIN_20180602_16_22_54_Pro_014.jpg,1
HG10/hand_gun/keep\WIN_20180602_17_09_20_Pro_07.jpg,3
HG10/hand_gun/keep\WIN_20180602_17_11_17_Pro_03.jpg,3
HG10/thumb_up/keep\WIN_20180602_17_43_16_Pro_12.jpg,8
HG10/okay/keep\WIN_20180602_16_29_16_Pro_31.jpg,4
HG10/thumb_up/keep\WIN_20180602_17_45_06_Pro_22.jpg,8
HG10/hand_gun/keep\WIN_20180602_17_10_05_Pro_11.jpg,3
HG10/okay/keep\WIN_20180602_16_26_59_Pro_37.jpg,4
HG10/hand_gun/keep\WIN_20180602_17_09_20_Pro_47.jpg,3
HG10/point/keep\WIN_20180602_17_17_37_Pro_29.jpg,6
HG10/thumb_up/keep\WIN_20180602_17_44_08_Pro_38.jpg,8
HG10/rock_on/keep\WIN_20180602_17_38_35_Pro_17.jpg,7
HG10/camera/keep\WIN_20180602_17_24_36_Pro_14.jpg,2
HG10/camera/keep\WIN_20180602_17_27_18_Pro_21.jpg,2
HG10/5_finger_close/keep\WIN_20180602_17_34_08_Pro_05.jpg,0
HG10/okay/keep\WIN_20180602_16_26_59_Pro_07.jpg,4
HG10/point/keep\WIN_20180602_17_18_19_Pro_46.jpg,6
HG10/yeah/keep\WIN_20180602_17_49_21_Pro_44.jpg,9
HG10/pinky/keep\WIN_20180602_17_54_43_Pro_33.jpg,5
HG10/camera/keep\WIN_20180602_17_24_36_Pro_01.jpg,2
HG10/point/keep\WIN_20180602_17_17_37_Pro_01.jpg,6
HG10/thumb_up/keep\WIN_20180602_17_44_08_Pro_29.jpg,8
HG10/point/keep\WIN_20180602_17_17_37_Pro_12.jpg,6
HG10/yeah/keep\WIN_20180602_17_50_10_Pro_36.jpg,9
HG10/thumb_up/keep\WIN_20180602_17_45_06_Pro_01.jpg,8
HG10/thumb_up/keep\WIN_20180602_17_45_06_Pro_24.jpg,8
HG10/rock_on/keep\WIN_20180602_17_37_57_Pro_48.jpg,7
HG10/pinky/keep\WIN_20180602_17_54_43_Pro_24.jpg,5
HG10/yeah/keep\WIN_20180602_17_51_08_Pro_34.jpg,9
HG10/thumb_up/keep\WIN_20180602_17_43_16_Pro_20.jpg,8
HG10/camera/keep\WIN_20180602_17_27_18_Pro_44.jpg,2
HG10/5_finger_open/keep\WIN_20180602_16_08_01_Pro_032.jpg,1
HG10/5_finger_close/keep\WIN_20180602_17_32_15_Pro_15.jpg,0
HG10/5_finger_close/keep\WIN_20180602_17_33_03_Pro_34.jpg,0
HG10/rock_on/keep\WIN_20180602_17_38_35_Pro_53.jpg,7
HG10/yeah/keep\WIN_20180602_17_51_08_Pro_19.jpg,9
HG10/rock_on/keep\WIN_20180602_17_37_57_Pro_28.jpg,7
HG10/5_finger_close/keep\WIN_20180602_17_34_08_Pro_29.jpg,0
HG10/hand_gun/keep\WIN_20180602_17_11_17_Pro_25.jpg,3
HG10/hand_gun/keep\WIN_20180602_17_10_05_Pro_06.jpg,3
HG10/yeah/keep\WIN_20180602_17_49_21_Pro_29.jpg,9
HG10/yeah/keep\WIN_20180602_17_49_21_Pro_14.jpg,9
HG10/5_finger_close/keep\WIN_20180602_17_32_15_Pro_26.jpg,0
HG10/hand_gun/keep\WIN_20180602_17_10_05_Pro_26.jpg,3
HG10/pinky/keep\WIN_20180602_17_53_56_Pro_12.jpg,5
HG10/rock_on/keep\WIN_20180602_17_37_57_Pro_41.jpg,7
HG10/pinky/keep\WIN_20180602_17_54_43_Pro_34.jpg,5
HG10/rock_on/keep\WIN_20180602_17_37_57_Pro_47.jpg,7
HG10/hand_gun/keep\WIN_20180602_17_09_20_Pro_44.jpg,3
HG10/hand_gun/keep\WIN_20180602_17_09_20_Pro_39.jpg,3
HG10/rock_on/keep\WIN_20180602_17_39_36_Pro_24.jpg,7
HG10/rock_on/keep\WIN_20180602_17_37_57_Pro_30.jpg,7
HG10/hand_gun/keep\WIN_20180602_17_09_20_Pro_41.jpg,3
HG10/5_finger_close/keep\WIN_20180602_17_33_03_Pro_28.jpg,0
HG10/5_finger_close/keep\WIN_20180602_17_32_15_Pro_05.jpg,0
HG10/thumb_up/keep\WIN_20180602_17_45_06_Pro_06.jpg,8
HG10/5_finger_open/keep\WIN_20180602_16_02_31_Pro_034.jpg,1
HG10/thumb_up/keep\WIN_20180602_17_43_16_Pro_40.jpg,8
HG10/point/keep\WIN_20180602_17_18_19_Pro_75.jpg,6
HG10/hand_gun/keep\WIN_20180602_17_09_20_Pro_52.jpg,3
HG10/rock_on/keep\WIN_20180602_17_37_57_Pro_20.jpg,7
HG10/okay/keep\WIN_20180602_16_29_16_Pro_19.jpg,4
HG10/5_finger_close/keep\WIN_20180602_17_33_03_Pro_25.jpg,0
HG10/5_finger_close/keep\WIN_20180602_17_33_03_Pro_14.jpg,0
HG10/yeah/keep\WIN_20180602_17_51_08_Pro_42.jpg,9
HG10/point/keep\WIN_20180602_17_17_37_Pro_09.jpg,6
HG10/hand_gun/keep\WIN_20180602_17_10_05_Pro_25.jpg,3
HG10/camera/keep\WIN_20180602_17_27_18_Pro_19.jpg,2
HG10/camera/keep\WIN_20180602_17_27_18_Pro_53.jpg,2
HG10/yeah/keep\WIN_20180602_17_49_21_Pro_01.jpg,9
HG10/okay/keep\WIN_20180602_16_27_54_Pro_09.jpg,4
HG10/rock_on/keep\WIN_20180602_17_38_35_Pro_22.jpg,7
HG10/camera/keep\WIN_20180602_17_27_18_Pro_46.jpg,2
HG10/point/keep\WIN_20180602_17_18_19_Pro_57.jpg,6
HG10/yeah/keep\WIN_20180602_17_49_21_Pro_48.jpg,9
HG10/5_finger_close/keep\WIN_20180602_17_34_08_Pro_25.jpg,0
HG10/hand_gun/keep\WIN_20180602_17_09_20_Pro_51.jpg,3
HG10/pinky/keep\WIN_20180602_17_53_56_Pro_17.jpg,5
HG10/point/keep\WIN_20180602_17_18_19_Pro_21.jpg,6
HG10/5_finger_open/keep\WIN_20180602_16_02_31_Pro_122.jpg,1
HG10/pinky/keep\WIN_20180602_17_53_56_Pro_24.jpg,5
HG10/point/keep\WIN_20180602_17_17_37_Pro_46.jpg,6
HG10/camera/keep\WIN_20180602_17_24_36_Pro_03.jpg,2
HG10/hand_gun/keep\WIN_20180602_17_11_17_Pro_18.jpg,3
HG10/yeah/keep\WIN_20180602_17_50_10_Pro_28.jpg,9
HG10/hand_gun/keep\WIN_20180602_17_10_05_Pro_36.jpg,3
HG10/thumb_up/keep\WIN_20180602_17_45_06_Pro_12.jpg,8
HG10/yeah/keep\WIN_20180602_17_50_10_Pro_47.jpg,9
HG10/point/keep\WIN_20180602_17_17_37_Pro_05.jpg,6
HG10/5_finger_open/keep\WIN_20180602_16_23_28_Pro_30.jpg,1
HG10/camera/keep\WIN_20180602_17_27_18_Pro_01.jpg,2
HG10/okay/keep\WIN_20180602_16_26_59_Pro_14.jpg,4
HG10/5_finger_open/keep\WIN_20180602_16_08_01_Pro_127.jpg,1
HG10/okay/keep\WIN_20180602_16_26_59_Pro_27.jpg,4
HG10/thumb_up/keep\WIN_20180602_17_45_06_Pro_07.jpg,8
HG10/thumb_up/keep\WIN_20180602_17_44_08_Pro_37.jpg,8
HG10/camera/keep\WIN_20180602_17_24_36_Pro_46.jpg,2
HG10/rock_on/keep\WIN_20180602_17_37_57_Pro_42.jpg,7
HG10/thumb_up/keep\WIN_20180602_17_44_08_Pro_09.jpg,8
HG10/okay/keep\WIN_20180602_16_27_54_Pro_32.jpg,4
HG10/5_finger_open/keep\WIN_20180602_16_08_01_Pro_158.jpg,1
HG10/okay/keep\WIN_20180602_16_29_16_Pro_28.jpg,4
HG10/camera/keep\WIN_20180602_17_28_36_Pro_20.jpg,2
HG10/5_finger_open/keep\WIN_20180602_16_22_54_Pro_032.jpg,1
HG10/point/keep\WIN_20180602_17_19_22_Pro_14.jpg,6
HG10/5_finger_open/keep\WIN_20180602_16_08_01_Pro_033.jpg,1
HG10/camera/keep\WIN_20180602_17_28_36_Pro_23.jpg,2
HG10/okay/keep\WIN_20180602_16_29_16_Pro_30.jpg,4
HG10/hand_gun/keep\WIN_20180602_17_09_20_Pro_06.jpg,3
HG10/hand_gun/keep\WIN_20180602_17_09_20_Pro_28.jpg,3
HG10/camera/keep\WIN_20180602_17_24_36_Pro_35.jpg,2
HG10/camera/keep\WIN_20180602_17_27_18_Pro_51.jpg,2
HG10/5_finger_close/keep\WIN_20180602_17_32_15_Pro_48.jpg,0
HG10/rock_on/keep\WIN_20180602_17_37_57_Pro_44.jpg,7
HG10/hand_gun/keep\WIN_20180602_17_11_17_Pro_35.jpg,3
HG10/camera/keep\WIN_20180602_17_27_18_Pro_36.jpg,2
HG10/rock_on/keep\WIN_20180602_17_38_35_Pro_63.jpg,7
HG10/pinky/keep\WIN_20180602_17_55_57_Pro_17.jpg,5
HG10/thumb_up/keep\WIN_20180602_17_43_16_Pro_25.jpg,8
HG10/5_finger_open/keep\WIN_20180602_16_22_54_Pro_055.jpg,1
HG10/5_finger_open/keep\WIN_20180602_16_22_54_Pro_005.jpg,1
HG10/camera/keep\WIN_20180602_17_28_36_Pro_21.jpg,2
HG10/5_finger_close/keep\WIN_20180602_17_34_08_Pro_12.jpg,0
HG10/yeah/keep\WIN_20180602_17_49_21_Pro_41.jpg,9
HG10/pinky/keep\WIN_20180602_17_53_56_Pro_40.jpg,5
HG10/camera/keep\WIN_20180602_17_28_36_Pro_13.jpg,2
HG10/5_finger_close/keep\WIN_20180602_17_34_08_Pro_21.jpg,0
HG10/5_finger_open/keep\WIN_20180602_16_23_28_Pro_11.jpg,1
HG10/hand_gun/keep\WIN_20180602_17_09_20_Pro_13.jpg,3
HG10/yeah/keep\WIN_20180602_17_49_21_Pro_37.jpg,9
HG10/thumb_up/keep\WIN_20180602_17_43_16_Pro_18.jpg,8
HG10/yeah/keep\WIN_20180602_17_49_21_Pro_13.jpg,9
HG10/point/keep\WIN_20180602_17_18_19_Pro_28.jpg,6
HG10/hand_gun/keep\WIN_20180602_17_10_05_Pro_10.jpg,3
HG10/rock_on/keep\WIN_20180602_17_37_57_Pro_51.jpg,7
HG10/rock_on/keep\WIN_20180602_17_39_36_Pro_47.jpg,7
HG10/5_finger_open/keep\WIN_20180602_16_08_01_Pro_170.jpg,1
HG10/rock_on/keep\WIN_20180602_17_38_35_Pro_14.jpg,7
HG10/5_finger_close/keep\WIN_20180602_17_32_15_Pro_20.jpg,0
HG10/hand_gun/keep\WIN_20180602_17_10_05_Pro_18.jpg,3
HG10/rock_on/keep\WIN_20180602_17_38_35_Pro_39.jpg,7
HG10/rock_on/keep\WIN_20180602_17_38_35_Pro_20.jpg,7
HG10/5_finger_close/keep\WIN_20180602_17_33_03_Pro_39.jpg,0
HG10/yeah/keep\WIN_20180602_17_49_21_Pro_31.jpg,9
HG10/5_finger_close/keep\WIN_20180602_17_34_08_Pro_26.jpg,0
HG10/rock_on/keep\WIN_20180602_17_38_35_Pro_45.jpg,7
HG10/5_finger_open/keep\WIN_20180602_16_08_01_Pro_051.jpg,1
HG10/hand_gun/keep\WIN_20180602_17_09_20_Pro_29.jpg,3
HG10/5_finger_open/keep\WIN_20180602_16_02_31_Pro_084.jpg,1
HG10/rock_on/keep\WIN_20180602_17_37_57_Pro_25.jpg,7
HG10/5_finger_close/keep\WIN_20180602_17_33_03_Pro_16.jpg,0
HG10/okay/keep\WIN_20180602_16_27_54_Pro_17.jpg,4
HG10/hand_gun/keep\WIN_20180602_17_10_05_Pro_53.jpg,3
HG10/pinky/keep\WIN_20180602_17_54_43_Pro_05.jpg,5
HG10/pinky/keep\WIN_20180602_17_53_56_Pro_15.jpg,5
HG10/rock_on/keep\WIN_20180602_17_38_35_Pro_21.jpg,7
HG10/rock_on/keep\WIN_20180602_17_38_35_Pro_59.jpg,7
HG10/rock_on/keep\WIN_20180602_17_39_36_Pro_42.jpg,7
HG10/pinky/keep\WIN_20180602_17_54_43_Pro_29.jpg,5
HG10/okay/keep\WIN_20180602_16_26_59_Pro_03.jpg,4
HG10/camera/keep\WIN_20180602_17_28_36_Pro_11.jpg,2
HG10/camera/keep\WIN_20180602_17_24_36_Pro_40.jpg,2
HG10/hand_gun/keep\WIN_20180602_17_10_05_Pro_37.jpg,3
HG10/rock_on/keep\WIN_20180602_17_39_36_Pro_33.jpg,7
HG10/5_finger_close/keep\WIN_20180602_17_33_03_Pro_13.jpg,0
HG10/5_finger_open/keep\WIN_20180602_16_08_01_Pro_159.jpg,1
HG10/yeah/keep\WIN_20180602_17_51_08_Pro_25.jpg,9
HG10/thumb_up/keep\WIN_20180602_17_43_16_Pro_35.jpg,8
HG10/thumb_up/keep\WIN_20180602_17_47_59_Pro 25.jpg,8
HG10/rock_on/keep\WIN_20180602_17_39_36_Pro_39.jpg,7
HG10/rock_on/keep\WIN_20180602_17_38_35_Pro_04.jpg,7
HG10/5_finger_close/keep\WIN_20180602_17_32_15_Pro_42.jpg,0
HG10/5_finger_close/keep\WIN_20180602_17_32_15_Pro_46.jpg,0
HG10/okay/keep\WIN_20180602_16_27_54_Pro_34.jpg,4
HG10/okay/keep\WIN_20180602_16_27_54_Pro_02.jpg,4
HG10/hand_gun/keep\WIN_20180602_17_09_20_Pro_10.jpg,3
HG10/thumb_up/keep\WIN_20180602_17_47_59_Pro 28.jpg,8
HG10/point/keep\WIN_20180602_17_18_19_Pro_25.jpg,6
HG10/okay/keep\WIN_20180602_16_26_59_Pro_20.jpg,4
HG10/okay/keep\WIN_20180602_16_26_59_Pro_43.jpg,4
HG10/okay/keep\WIN_20180602_16_27_54_Pro_31.jpg,4
HG10/5_finger_open/keep\WIN_20180602_16_08_01_Pro_101.jpg,1
HG10/rock_on/keep\WIN_20180602_17_39_36_Pro_26.jpg,7
HG10/5_finger_close/keep\WIN_20180602_17_32_15_Pro_27.jpg,0
HG10/5_finger_close/keep\WIN_20180602_17_33_03_Pro_49.jpg,0
HG10/point/keep\WIN_20180602_17_17_37_Pro_49.jpg,6
HG10/okay/keep\WIN_20180602_16_26_59_Pro_45.jpg,4
HG10/yeah/keep\WIN_20180602_17_50_10_Pro_03.jpg,9
HG10/5_finger_close/keep\WIN_20180602_17_32_15_Pro_19.jpg,0
HG10/rock_on/keep\WIN_20180602_17_38_35_Pro_08.jpg,7
HG10/pinky/keep\WIN_20180602_17_54_43_Pro_19.jpg,5
HG10/thumb_up/keep\WIN_20180602_17_47_59_Pro 34.jpg,8
HG10/hand_gun/keep\WIN_20180602_17_10_05_Pro_40.jpg,3
HG10/thumb_up/keep\WIN_20180602_17_44_08_Pro_36.jpg,8
HG10/hand_gun/keep\WIN_20180602_17_10_05_Pro_48.jpg,3
HG10/okay/keep\WIN_20180602_16_27_54_Pro_03.jpg,4
HG10/thumb_up/keep\WIN_20180602_17_44_08_Pro_30.jpg,8
HG10/yeah/keep\WIN_20180602_17_50_10_Pro_17.jpg,9
HG10/5_finger_close/keep\WIN_20180602_17_34_08_Pro_10.jpg,0
HG10/pinky/keep\WIN_20180602_17_54_43_Pro_27.jpg,5
HG10/yeah/keep\WIN_20180602_17_49_21_Pro_24.jpg,9
HG10/5_finger_close/keep\WIN_20180602_17_33_03_Pro_27.jpg,0
HG10/thumb_up/keep\WIN_20180602_17_43_16_Pro_41.jpg,8
HG10/5_finger_open/keep\WIN_20180602_16_02_31_Pro_061.jpg,1
HG10/pinky/keep\WIN_20180602_17_53_56_Pro_25.jpg,5
HG10/hand_gun/keep\WIN_20180602_17_11_17_Pro_23.jpg,3
HG10/okay/keep\WIN_20180602_16_29_16_Pro_01.jpg,4
HG10/yeah/keep\WIN_20180602_17_51_08_Pro_37.jpg,9
HG10/rock_on/keep\WIN_20180602_17_37_57_Pro_26.jpg,7
HG10/thumb_up/keep\WIN_20180602_17_44_08_Pro_26.jpg,8
HG10/yeah/keep\WIN_20180602_17_49_21_Pro_27.jpg,9
HG10/okay/keep\WIN_20180602_16_26_59_Pro_01.jpg,4
HG10/rock_on/keep\WIN_20180602_17_37_57_Pro_04.jpg,7
HG10/5_finger_close/keep\WIN_20180602_17_32_15_Pro_04.jpg,0
HG10/5_finger_close/keep\WIN_20180602_17_32_15_Pro_33.jpg,0
HG10/hand_gun/keep\WIN_20180602_17_11_17_Pro_37.jpg,3
HG10/hand_gun/keep\WIN_20180602_17_09_20_Pro_25.jpg,3
HG10/okay/keep\WIN_20180602_16_29_16_Pro_22.jpg,4
HG10/yeah/keep\WIN_20180602_17_50_10_Pro_34.jpg,9
HG10/5_finger_open/keep\WIN_20180602_16_08_01_Pro_023.jpg,1
HG10/point/keep\WIN_20180602_17_18_19_Pro_74.jpg,6
HG10/camera/keep\WIN_20180602_17_27_18_Pro_41.jpg,2
HG10/hand_gun/keep\WIN_20180602_17_10_05_Pro_32.jpg,3
HG10/pinky/keep\WIN_20180602_17_53_56_Pro_42.jpg,5
HG10/5_finger_open/keep\WIN_20180602_16_08_01_Pro_121.jpg,1
HG10/camera/keep\WIN_20180602_17_24_36_Pro_39.jpg,2
HG10/yeah/keep\WIN_20180602_17_49_21_Pro_15.jpg,9
HG10/pinky/keep\WIN_20180602_17_53_56_Pro_16.jpg,5
HG10/pinky/keep\WIN_20180602_17_54_43_Pro_15.jpg,5
HG10/thumb_up/keep\WIN_20180602_17_44_08_Pro_20.jpg,8
HG10/point/keep\WIN_20180602_17_17_37_Pro_39.jpg,6
HG10/yeah/keep\WIN_20180602_17_50_10_Pro_24.jpg,9
HG10/rock_on/keep\WIN_20180602_17_37_57_Pro_11.jpg,7
HG10/point/keep\WIN_20180602_17_18_19_Pro_33.jpg,6
HG10/camera/keep\WIN_20180602_17_28_36_Pro_18.jpg,2
HG10/okay/keep\WIN_20180602_16_29_16_Pro_32.jpg,4
HG10/thumb_up/keep\WIN_20180602_17_45_06_Pro_17.jpg,8
HG10/5_finger_close/keep\WIN_20180602_17_32_15_Pro_50.jpg,0
HG10/yeah/keep\WIN_20180602_17_49_21_Pro_17.jpg,9
HG10/5_finger_open/keep\WIN_20180602_16_22_54_Pro_048.jpg,1
HG10/hand_gun/keep\WIN_20180602_17_09_20_Pro_38.jpg,3
HG10/5_finger_open/keep\WIN_20180602_16_23_28_Pro_29.jpg,1
HG10/point/keep\WIN_20180602_17_18_19_Pro_15.jpg,6
HG10/yeah/keep\WIN_20180602_17_49_21_Pro_02.jpg,9
HG10/camera/keep\WIN_20180602_17_27_18_Pro_15.jpg,2
HG10/thumb_up/keep\WIN_20180602_17_45_06_Pro_25.jpg,8
HG10/5_finger_open/keep\WIN_20180602_16_08_01_Pro_008.jpg,1
HG10/5_finger_close/keep\WIN_20180602_17_34_08_Pro_19.jpg,0
HG10/5_finger_close/keep\WIN_20180602_17_32_15_Pro_22.jpg,0
HG10/hand_gun/keep\WIN_20180602_17_09_20_Pro_08.jpg,3
HG10/5_finger_close/keep\WIN_20180602_17_33_03_Pro_54.jpg,0
HG10/5_finger_close/keep\WIN_20180602_17_33_03_Pro_43.jpg,0
HG10/5_finger_close/keep\WIN_20180602_17_34_08_Pro_32.jpg,0
HG10/point/keep\WIN_20180602_17_17_37_Pro_02.jpg,6
HG10/yeah/keep\WIN_20180602_17_50_10_Pro_32.jpg,9
HG10/5_finger_close/keep\WIN_20180602_17_32_15_Pro_49.jpg,0
HG10/5_finger_close/keep\WIN_20180602_17_33_03_Pro_29.jpg,0
HG10/hand_gun/keep\WIN_20180602_17_11_17_Pro_42.jpg,3
HG10/hand_gun/keep\WIN_20180602_17_10_05_Pro_22.jpg,3
HG10/point/keep\WIN_20180602_17_17_37_Pro_07.jpg,6
HG10/5_finger_open/keep\WIN_20180602_16_02_31_Pro_062.jpg,1
HG10/thumb_up/keep\WIN_20180602_17_45_06_Pro_03.jpg,8
HG10/point/keep\WIN_20180602_17_18_19_Pro_22.jpg,6
HG10/point/keep\WIN_20180602_17_18_19_Pro_48.jpg,6
HG10/pinky/keep\WIN_20180602_17_55_57_Pro_10.jpg,5
HG10/rock_on/keep\WIN_20180602_17_38_35_Pro_44.jpg,7
HG10/yeah/keep\WIN_20180602_17_49_21_Pro_18.jpg,9
HG10/camera/keep\WIN_20180602_17_28_36_Pro_09.jpg,2
HG10/pinky/keep\WIN_20180602_17_53_56_Pro_18.jpg,5
HG10/camera/keep\WIN_20180602_17_28_36_Pro_26.jpg,2
HG10/okay/keep\WIN_20180602_16_26_59_Pro_41.jpg,4
HG10/yeah/keep\WIN_20180602_17_51_08_Pro_30.jpg,9
HG10/rock_on/keep\WIN_20180602_17_38_35_Pro_06.jpg,7
HG10/5_finger_close/keep\WIN_20180602_17_33_03_Pro_38.jpg,0
HG10/5_finger_open/keep\WIN_20180602_16_22_54_Pro_047.jpg,1
HG10/5_finger_close/keep\WIN_20180602_17_33_03_Pro_21.jpg,0
HG10/5_finger_open/keep\WIN_20180602_16_08_01_Pro_126.jpg,1
HG10/rock_on/keep\WIN_20180602_17_38_35_Pro_35.jpg,7
HG10/pinky/keep\WIN_20180602_17_55_57_Pro_29.jpg,5
HG10/pinky/keep\WIN_20180602_17_53_56_Pro_01.jpg,5
HG10/point/keep\WIN_20180602_17_19_22_Pro_01.jpg,6
HG10/okay/keep\WIN_20180602_16_27_54_Pro_30.jpg,4
HG10/hand_gun/keep\WIN_20180602_17_10_05_Pro_59.jpg,3
HG10/camera/keep\WIN_20180602_17_27_18_Pro_16.jpg,2
HG10/rock_on/keep\WIN_20180602_17_38_35_Pro_51.jpg,7
HG10/pinky/keep\WIN_20180602_17_53_56_Pro_52.jpg,5
HG10/pinky/keep\WIN_20180602_17_53_56_Pro_38.jpg,5
HG10/yeah/keep\WIN_20180602_17_51_08_Pro_29.jpg,9
HG10/yeah/keep\WIN_20180602_17_50_10_Pro_10.jpg,9
HG10/okay/keep\WIN_20180602_16_29_16_Pro_13.jpg,4
HG10/thumb_up/keep\WIN_20180602_17_44_08_Pro_33.jpg,8
HG10/hand_gun/keep\WIN_20180602_17_09_20_Pro_21.jpg,3
HG10/okay/keep\WIN_20180602_16_29_16_Pro_07.jpg,4
HG10/okay/keep\WIN_20180602_16_26_59_Pro_50.jpg,4
HG10/rock_on/keep\WIN_20180602_17_39_36_Pro_49.jpg,7
HG10/5_finger_open/keep\WIN_20180602_16_22_54_Pro_113.jpg,1
HG10/yeah/keep\WIN_20180602_17_49_21_Pro_33.jpg,9
HG10/point/keep\WIN_20180602_17_17_37_Pro_40.jpg,6
HG10/yeah/keep\WIN_20180602_17_51_08_Pro_23.jpg,9
HG10/hand_gun/keep\WIN_20180602_17_10_05_Pro_33.jpg,3
HG10/5_finger_open/keep\WIN_20180602_16_08_01_Pro_165.jpg,1
HG10/pinky/keep\WIN_20180602_17_55_57_Pro_09.jpg,5
HG10/okay/keep\WIN_20180602_16_27_54_Pro_24.jpg,4
HG10/hand_gun/keep\WIN_20180602_17_10_05_Pro_05.jpg,3
HG10/camera/keep\WIN_20180602_17_24_36_Pro_06.jpg,2
HG10/yeah/keep\WIN_20180602_17_49_21_Pro_30.jpg,9
HG10/rock_on/keep\WIN_20180602_17_39_36_Pro_46.jpg,7
HG10/yeah/keep\WIN_20180602_17_50_10_Pro_39.jpg,9
HG10/5_finger_open/keep\WIN_20180602_16_02_31_Pro_002.jpg,1
HG10/camera/keep\WIN_20180602_17_27_18_Pro_67.jpg,2
HG10/5_finger_close/keep\WIN_20180602_17_32_15_Pro_21.jpg,0
HG10/yeah/keep\WIN_20180602_17_51_08_Pro_18.jpg,9
HG10/yeah/keep\WIN_20180602_17_50_10_Pro_48.jpg,9
HG10/pinky/keep\WIN_20180602_17_54_43_Pro_61.jpg,5
HG10/okay/keep\WIN_20180602_16_29_16_Pro_18.jpg,4
HG10/hand_gun/keep\WIN_20180602_17_10_05_Pro_35.jpg,3
HG10/camera/keep\WIN_20180602_17_27_18_Pro_33.jpg,2
HG10/yeah/keep\WIN_20180602_17_51_08_Pro_17.jpg,9
HG10/thumb_up/keep\WIN_20180602_17_45_06_Pro_02.jpg,8
HG10/thumb_up/keep\WIN_20180602_17_45_06_Pro_18.jpg,8
HG10/point/keep\WIN_20180602_17_18_19_Pro_06.jpg,6
HG10/rock_on/keep\WIN_20180602_17_39_36_Pro_18.jpg,7
HG10/yeah/keep\WIN_20180602_17_49_21_Pro_47.jpg,9
HG10/point/keep\WIN_20180602_17_19_22_Pro_09.jpg,6
HG10/okay/keep\WIN_20180602_16_27_54_Pro_22.jpg,4
HG10/okay/keep\WIN_20180602_16_29_16_Pro_15.jpg,4
HG10/5_finger_open/keep\WIN_20180602_16_22_54_Pro_098.jpg,1
HG10/pinky/keep\WIN_20180602_17_54_43_Pro_20.jpg,5
HG10/pinky/keep\WIN_20180602_17_54_43_Pro_18.jpg,5
HG10/thumb_up/keep\WIN_20180602_17_45_06_Pro_08.jpg,8
HG10/hand_gun/keep\WIN_20180602_17_10_05_Pro_41.jpg,3
HG10/okay/keep\WIN_20180602_16_26_59_Pro_26.jpg,4
HG10/5_finger_close/keep\WIN_20180602_17_32_15_Pro_10.jpg,0
HG10/rock_on/keep\WIN_20180602_17_39_36_Pro_30.jpg,7
HG10/hand_gun/keep\WIN_20180602_17_09_20_Pro_23.jpg,3
HG10/yeah/keep\WIN_20180602_17_50_10_Pro_14.jpg,9
HG10/thumb_up/keep\WIN_20180602_17_44_08_Pro_04.jpg,8
HG10/5_finger_close/keep\WIN_20180602_17_33_03_Pro_26.jpg,0
HG10/yeah/keep\WIN_20180602_17_51_08_Pro_16.jpg,9
HG10/hand_gun/keep\WIN_20180602_17_09_20_Pro_30.jpg,3
HG10/5_finger_open/keep\WIN_20180602_16_02_31_Pro_076.jpg,1
HG10/pinky/keep\WIN_20180602_17_53_56_Pro_45.jpg,5
HG10/thumb_up/keep\WIN_20180602_17_44_08_Pro_01.jpg,8
HG10/camera/keep\WIN_20180602_17_27_18_Pro_54.jpg,2
HG10/thumb_up/keep\WIN_20180602_17_43_16_Pro_29.jpg,8
HG10/5_finger_close/keep\WIN_20180602_17_34_08_Pro_24.jpg,0
HG10/rock_on/keep\WIN_20180602_17_37_57_Pro_07.jpg,7
HG10/camera/keep\WIN_20180602_17_28_36_Pro_17.jpg,2
HG10/pinky/keep\WIN_20180602_17_54_43_Pro_47.jpg,5
HG10/5_finger_open/keep\WIN_20180602_16_02_31_Pro_117.jpg,1
HG10/pinky/keep\WIN_20180602_17_54_43_Pro_39.jpg,5
HG10/rock_on/keep\WIN_20180602_17_39_36_Pro_08.jpg,7
HG10/camera/keep\WIN_20180602_17_27_18_Pro_12.jpg,2
HG10/hand_gun/keep\WIN_20180602_17_11_17_Pro_36.jpg,3
HG10/5_finger_close/keep\WIN_20180602_17_33_03_Pro_03.jpg,0
HG10/point/keep\WIN_20180602_17_18_19_Pro_13.jpg,6
HG10/hand_gun/keep\WIN_20180602_17_10_05_Pro_38.jpg,3
HG10/okay/keep\WIN_20180602_16_27_54_Pro_25.jpg,4
HG10/point/keep\WIN_20180602_17_17_37_Pro_45.jpg,6
HG10/rock_on/keep\WIN_20180602_17_39_36_Pro_12.jpg,7
HG10/okay/keep\WIN_20180602_16_26_59_Pro_42.jpg,4
HG10/point/keep\WIN_20180602_17_17_37_Pro_34.jpg,6
HG10/camera/keep\WIN_20180602_17_24_36_Pro_42.jpg,2
HG10/rock_on/keep\WIN_20180602_17_37_57_Pro_12.jpg,7
HG10/pinky/keep\WIN_20180602_17_53_56_Pro_29.jpg,5
HG10/pinky/keep\WIN_20180602_17_54_43_Pro_21.jpg,5
HG10/pinky/keep\WIN_20180602_17_53_56_Pro_13.jpg,5
HG10/hand_gun/keep\WIN_20180602_17_09_20_Pro_49.jpg,3
HG10/5_finger_open/keep\WIN_20180602_16_08_01_Pro_042.jpg,1
HG10/pinky/keep\WIN_20180602_17_55_57_Pro_02.jpg,5
HG10/okay/keep\WIN_20180602_16_26_59_Pro_11.jpg,4
HG10/yeah/keep\WIN_20180602_17_49_21_Pro_39.jpg,9
HG10/pinky/keep\WIN_20180602_17_53_56_Pro_49.jpg,5
HG10/5_finger_close/keep\WIN_20180602_17_33_03_Pro_11.jpg,0
HG10/point/keep\WIN_20180602_17_17_37_Pro_41.jpg,6
HG10/5_finger_close/keep\WIN_20180602_17_33_03_Pro_44.jpg,0
HG10/pinky/keep\WIN_20180602_17_54_43_Pro_08.jpg,5
HG10/camera/keep\WIN_20180602_17_27_18_Pro_07.jpg,2
HG10/okay/keep\WIN_20180602_16_29_16_Pro_11.jpg,4
HG10/pinky/keep\WIN_20180602_17_55_57_Pro_31.jpg,5
HG10/thumb_up/keep\WIN_20180602_17_43_16_Pro_13.jpg,8
HG10/hand_gun/keep\WIN_20180602_17_10_05_Pro_52.jpg,3
HG10/okay/keep\WIN_20180602_16_26_59_Pro_02.jpg,4
HG10/hand_gun/keep\WIN_20180602_17_09_20_Pro_48.jpg,3
HG10/thumb_up/keep\WIN_20180602_17_43_16_Pro_08.jpg,8
HG10/5_finger_close/keep\WIN_20180602_17_33_03_Pro_06.jpg,0
HG10/pinky/keep\WIN_20180602_17_53_56_Pro_47.jpg,5
HG10/okay/keep\WIN_20180602_16_26_59_Pro_48.jpg,4
HG10/point/keep\WIN_20180602_17_19_22_Pro_04.jpg,6
HG10/thumb_up/keep\WIN_20180602_17_44_08_Pro_32.jpg,8
HG10/5_finger_open/keep\WIN_20180602_16_08_01_Pro_017.jpg,1
HG10/pinky/keep\WIN_20180602_17_54_43_Pro_06.jpg,5
HG10/thumb_up/keep\WIN_20180602_17_43_16_Pro_26.jpg,8
HG10/5_finger_open/keep\WIN_20180602_16_22_54_Pro_094.jpg,1
HG10/thumb_up/keep\WIN_20180602_17_45_06_Pro_13.jpg,8
HG10/yeah/keep\WIN_20180602_17_50_10_Pro_31.jpg,9
HG10/yeah/keep\WIN_20180602_17_49_21_Pro_23.jpg,9
HG10/5_finger_open/keep\WIN_20180602_16_22_54_Pro_070.jpg,1
HG10/pinky/keep\WIN_20180602_17_55_57_Pro_27.jpg,5
HG10/5_finger_open/keep\WIN_20180602_16_02_31_Pro_015.jpg,1
HG10/5_finger_close/keep\WIN_20180602_17_33_03_Pro_31.jpg,0
HG10/rock_on/keep\WIN_20180602_17_38_35_Pro_54.jpg,7
HG10/rock_on/keep\WIN_20180602_17_38_35_Pro_33.jpg,7
HG10/okay/keep\WIN_20180602_16_29_16_Pro_08.jpg,4
HG10/okay/keep\WIN_20180602_16_27_54_Pro_18.jpg,4
HG10/pinky/keep\WIN_20180602_17_55_57_Pro_23.jpg,5
HG10/okay/keep\WIN_20180602_16_29_16_Pro_23.jpg,4
HG10/5_finger_open/keep\WIN_20180602_16_02_31_Pro_068.jpg,1
HG10/yeah/keep\WIN_20180602_17_49_21_Pro_46.jpg,9
HG10/5_finger_open/keep\WIN_20180602_16_08_01_Pro_040.jpg,1
HG10/point/keep\WIN_20180602_17_19_22_Pro_07.jpg,6
HG10/point/keep\WIN_20180602_17_17_37_Pro_50.jpg,6
HG10/5_finger_close/keep\WIN_20180602_17_32_15_Pro_17.jpg,0
HG10/okay/keep\WIN_20180602_16_27_54_Pro_37.jpg,4
HG10/yeah/keep\WIN_20180602_17_50_10_Pro_21.jpg,9
HG10/rock_on/keep\WIN_20180602_17_37_57_Pro_16.jpg,7
HG10/okay/keep\WIN_20180602_16_27_54_Pro_13.jpg,4
HG10/point/keep\WIN_20180602_17_18_19_Pro_24.jpg,6
HG10/yeah/keep\WIN_20180602_17_51_08_Pro_11.jpg,9
HG10/okay/keep\WIN_20180602_16_26_59_Pro_13.jpg,4
HG10/thumb_up/keep\WIN_20180602_17_43_16_Pro_02.jpg,8
HG10/yeah/keep\WIN_20180602_17_51_08_Pro_03.jpg,9
HG10/yeah/keep\WIN_20180602_17_50_10_Pro_16.jpg,9
HG10/point/keep\WIN_20180602_17_19_22_Pro_26.jpg,6
HG10/5_finger_open/keep\WIN_20180602_16_08_01_Pro_171.jpg,1
HG10/hand_gun/keep\WIN_20180602_17_10_05_Pro_39.jpg,3
HG10/hand_gun/keep\WIN_20180602_17_09_20_Pro_27.jpg,3
HG10/hand_gun/keep\WIN_20180602_17_10_05_Pro_03.jpg,3
HG10/5_finger_close/keep\WIN_20180602_17_33_03_Pro_22.jpg,0
HG10/5_finger_open/keep\WIN_20180602_16_22_54_Pro_057.jpg,1
HG10/5_finger_open/keep\WIN_20180602_16_08_01_Pro_012.jpg,1
HG10/thumb_up/keep\WIN_20180602_17_45_06_Pro_26.jpg,8
HG10/okay/keep\WIN_20180602_16_26_59_Pro_17.jpg,4
HG10/pinky/keep\WIN_20180602_17_53_56_Pro_11.jpg,5
HG10/okay/keep\WIN_20180602_16_29_16_Pro_17.jpg,4
HG10/yeah/keep\WIN_20180602_17_51_08_Pro_28.jpg,9
HG10/5_finger_open/keep\WIN_20180602_16_08_01_Pro_059.jpg,1
HG10/yeah/keep\WIN_20180602_17_51_08_Pro_40.jpg,9
HG10/camera/keep\WIN_20180602_17_27_18_Pro_31.jpg,2
HG10/5_finger_open/keep\WIN_20180602_16_23_28_Pro_19.jpg,1
HG10/yeah/keep\WIN_20180602_17_50_10_Pro_42.jpg,9
HG10/point/keep\WIN_20180602_17_17_37_Pro_20.jpg,6
HG10/5_finger_close/keep\WIN_20180602_17_32_15_Pro_16.jpg,0
HG10/camera/keep\WIN_20180602_17_28_36_Pro_07.jpg,2
HG10/5_finger_close/keep\WIN_20180602_17_32_15_Pro_41.jpg,0
HG10/okay/keep\WIN_20180602_16_26_59_Pro_49.jpg,4
HG10/thumb_up/keep\WIN_20180602_17_45_06_Pro_21.jpg,8
HG10/5_finger_close/keep\WIN_20180602_17_33_03_Pro_42.jpg,0
HG10/point/keep\WIN_20180602_17_18_19_Pro_23.jpg,6
HG10/thumb_up/keep\WIN_20180602_17_45_06_Pro_14.jpg,8
HG10/5_finger_close/keep\WIN_20180602_17_32_15_Pro_13.jpg,0
HG10/point/keep\WIN_20180602_17_17_37_Pro_51.jpg,6
HG10/camera/keep\WIN_20180602_17_24_36_Pro_28.jpg,2
HG10/yeah/keep\WIN_20180602_17_51_08_Pro_24.jpg,9
HG10/point/keep\WIN_20180602_17_17_37_Pro_32.jpg,6
HG10/camera/keep\WIN_20180602_17_28_36_Pro_02.jpg,2
HG10/yeah/keep\WIN_20180602_17_51_08_Pro_45.jpg,9
HG10/point/keep\WIN_20180602_17_17_37_Pro_26.jpg,6
HG10/5_finger_open/keep\WIN_20180602_16_08_01_Pro_161.jpg,1
HG10/pinky/keep\WIN_20180602_17_55_57_Pro_12.jpg,5
HG10/thumb_up/keep\WIN_20180602_17_44_08_Pro_28.jpg,8
HG10/thumb_up/keep\WIN_20180602_17_44_08_Pro_05.jpg,8
HG10/okay/keep\WIN_20180602_16_29_16_Pro_25.jpg,4
HG10/5_finger_open/keep\WIN_20180602_16_22_54_Pro_100.jpg,1
HG10/5_finger_open/keep\WIN_20180602_16_02_31_Pro_044.jpg,1
HG10/5_finger_open/keep\WIN_20180602_16_08_01_Pro_123.jpg,1
HG10/hand_gun/keep\WIN_20180602_17_11_17_Pro_04.jpg,3
HG10/hand_gun/keep\WIN_20180602_17_10_05_Pro_47.jpg,3
HG10/rock_on/keep\WIN_20180602_17_38_35_Pro_48.jpg,7
HG10/yeah/keep\WIN_20180602_17_50_10_Pro_44.jpg,9
HG10/5_finger_close/keep\WIN_20180602_17_33_03_Pro_47.jpg,0
HG10/yeah/keep\WIN_20180602_17_49_21_Pro_45.jpg,9
HG10/point/keep\WIN_20180602_17_19_22_Pro_37.jpg,6
HG10/5_finger_close/keep\WIN_20180602_17_32_15_Pro_44.jpg,0
HG10/rock_on/keep\WIN_20180602_17_37_57_Pro_50.jpg,7
HG10/point/keep\WIN_20180602_17_17_37_Pro_44.jpg,6
HG10/5_finger_close/keep\WIN_20180602_17_34_08_Pro_20.jpg,0
HG10/5_finger_close/keep\WIN_20180602_17_33_03_Pro_58.jpg,0
HG10/yeah/keep\WIN_20180602_17_50_10_Pro_20.jpg,9
HG10/thumb_up/keep\WIN_20180602_17_47_59_Pro 05.jpg,8
HG10/thumb_up/keep\WIN_20180602_17_44_08_Pro_16.jpg,8
HG10/yeah/keep\WIN_20180602_17_51_08_Pro_04.jpg,9
HG10/5_finger_close/keep\WIN_20180602_17_32_15_Pro_52.jpg,0
HG10/hand_gun/keep\WIN_20180602_17_09_20_Pro_05.jpg,3
HG10/okay/keep\WIN_20180602_16_27_54_Pro_07.jpg,4
HG10/hand_gun/keep\WIN_20180602_17_11_17_Pro_11.jpg,3
HG10/thumb_up/keep\WIN_20180602_17_43_16_Pro_28.jpg,8
HG10/okay/keep\WIN_20180602_16_27_54_Pro_20.jpg,4
HG10/rock_on/keep\WIN_20180602_17_38_35_Pro_25.jpg,7
HG10/5_finger_close/keep\WIN_20180602_17_32_15_Pro_08.jpg,0
HG10/hand_gun/keep\WIN_20180602_17_10_05_Pro_60.jpg,3
HG10/point/keep\WIN_20180602_17_17_37_Pro_36.jpg,6
HG10/yeah/keep\WIN_20180602_17_50_10_Pro_50.jpg,9
HG10/thumb_up/keep\WIN_20180602_17_43_16_Pro_15.jpg,8
HG10/rock_on/keep\WIN_20180602_17_39_36_Pro_09.jpg,7
HG10/5_finger_close/keep\WIN_20180602_17_34_08_Pro_31.jpg,0
HG10/rock_on/keep\WIN_20180602_17_38_35_Pro_40.jpg,7
HG10/okay/keep\WIN_20180602_16_26_59_Pro_44.jpg,4
HG10/5_finger_close/keep\WIN_20180602_17_33_03_Pro_24.jpg,0
HG10/thumb_up/keep\WIN_20180602_17_45_06_Pro_11.jpg,8
HG10/rock_on/keep\WIN_20180602_17_37_57_Pro_35.jpg,7
HG10/rock_on/keep\WIN_20180602_17_39_36_Pro_38.jpg,7
HG10/pinky/keep\WIN_20180602_17_54_43_Pro_32.jpg,5
HG10/5_finger_close/keep\WIN_20180602_17_33_03_Pro_05.jpg,0
HG10/hand_gun/keep\WIN_20180602_17_10_05_Pro_13.jpg,3
HG10/thumb_up/keep\WIN_20180602_17_43_16_Pro_33.jpg,8
HG10/5_finger_close/keep\WIN_20180602_17_32_15_Pro_39.jpg,0
HG10/camera/keep\WIN_20180602_17_24_36_Pro_36.jpg,2
HG10/point/keep\WIN_20180602_17_17_37_Pro_47.jpg,6
HG10/hand_gun/keep\WIN_20180602_17_10_05_Pro_17.jpg,3
HG10/point/keep\WIN_20180602_17_17_37_Pro_04.jpg,6
HG10/rock_on/keep\WIN_20180602_17_37_57_Pro_43.jpg,7
HG10/thumb_up/keep\WIN_20180602_17_45_06_Pro_15.jpg,8
HG10/rock_on/keep\WIN_20180602_17_38_35_Pro_28.jpg,7
HG10/thumb_up/keep\WIN_20180602_17_44_08_Pro_31.jpg,8
HG10/rock_on/keep\WIN_20180602_17_38_35_Pro_38.jpg,7
HG10/hand_gun/keep\WIN_20180602_17_09_20_Pro_24.jpg,3
HG10/hand_gun/keep\WIN_20180602_17_09_20_Pro_36.jpg,3
HG10/5_finger_close/keep\WIN_20180602_17_33_03_Pro_23.jpg,0
HG10/5_finger_close/keep\WIN_20180602_17_34_08_Pro_04.jpg,0
HG10/rock_on/keep\WIN_20180602_17_38_35_Pro_52.jpg,7
HG10/point/keep\WIN_20180602_17_18_19_Pro_71.jpg,6
HG10/5_finger_close/keep\WIN_20180602_17_33_03_Pro_09.jpg,0
HG10/point/keep\WIN_20180602_17_18_19_Pro_49.jpg,6
HG10/camera/keep\WIN_20180602_17_27_18_Pro_02.jpg,2
HG10/5_finger_close/keep\WIN_20180602_17_33_03_Pro_48.jpg,0
HG10/camera/keep\WIN_20180602_17_28_36_Pro_14.jpg,2
HG10/thumb_up/keep\WIN_20180602_17_44_08_Pro_39.jpg,8
HG10/pinky/keep\WIN_20180602_17_55_57_Pro_35.jpg,5
HG10/yeah/keep\WIN_20180602_17_51_08_Pro_15.jpg,9
HG10/5_finger_close/keep\WIN_20180602_17_34_08_Pro_28.jpg,0
HG10/thumb_up/keep\WIN_20180602_17_43_16_Pro_47.jpg,8
HG10/5_finger_close/keep\WIN_20180602_17_34_08_Pro_22.jpg,0
HG10/camera/keep\WIN_20180602_17_24_36_Pro_19.jpg,2
HG10/5_finger_close/keep\WIN_20180602_17_33_03_Pro_50.jpg,0
HG10/rock_on/keep\WIN_20180602_17_39_36_Pro_36.jpg,7
HG10/thumb_up/keep\WIN_20180602_17_44_08_Pro_06.jpg,8
HG10/5_finger_open/keep\WIN_20180602_16_02_31_Pro_026.jpg,1
HG10/point/keep\WIN_20180602_17_18_19_Pro_56.jpg,6
HG10/5_finger_close/keep\WIN_20180602_17_32_15_Pro_01.jpg,0
HG10/thumb_up/keep\WIN_20180602_17_44_08_Pro_40.jpg,8
HG10/pinky/keep\WIN_20180602_17_54_43_Pro_43.jpg,5
HG10/5_finger_open/keep\WIN_20180602_16_02_31_Pro_040.jpg,1
HG10/rock_on/keep\WIN_20180602_17_38_35_Pro_50.jpg,7
HG10/5_finger_open/keep\WIN_20180602_16_08_01_Pro_003.jpg,1
HG10/5_finger_close/keep\WIN_20180602_17_32_15_Pro_18.jpg,0
HG10/okay/keep\WIN_20180602_16_27_54_Pro_19.jpg,4
HG10/rock_on/keep\WIN_20180602_17_37_57_Pro_17.jpg,7
HG10/point/keep\WIN_20180602_17_17_37_Pro_25.jpg,6
HG10/5_finger_open/keep\WIN_20180602_16_23_28_Pro_09.jpg,1
HG10/pinky/keep\WIN_20180602_17_53_56_Pro_09.jpg,5
HG10/hand_gun/keep\WIN_20180602_17_10_05_Pro_63.jpg,3
HG10/5_finger_open/keep\WIN_20180602_16_02_31_Pro_057.jpg,1
HG10/okay/keep\WIN_20180602_16_29_16_Pro_20.jpg,4
HG10/okay/keep\WIN_20180602_16_27_54_Pro_38.jpg,4
HG10/pinky/keep\WIN_20180602_17_53_56_Pro_44.jpg,5
HG10/5_finger_open/keep\WIN_20180602_16_22_54_Pro_023.jpg,1
HG10/point/keep\WIN_20180602_17_19_22_Pro_18.jpg,6
HG10/okay/keep\WIN_20180602_16_26_59_Pro_38.jpg,4
HG10/rock_on/keep\WIN_20180602_17_39_36_Pro_28.jpg,7
HG10/camera/keep\WIN_20180602_17_27_18_Pro_08.jpg,2
HG10/point/keep\WIN_20180602_17_19_22_Pro_23.jpg,6
HG10/pinky/keep\WIN_20180602_17_54_43_Pro_03.jpg,5
HG10/thumb_up/keep\WIN_20180602_17_43_16_Pro_06.jpg,8
HG10/yeah/keep\WIN_20180602_17_50_10_Pro_01.jpg,9
HG10/point/keep\WIN_20180602_17_18_19_Pro_14.jpg,6
HG10/point/keep\WIN_20180602_17_17_37_Pro_08.jpg,6
HG10/okay/keep\WIN_20180602_16_26_59_Pro_05.jpg,4
HG10/thumb_up/keep\WIN_20180602_17_44_08_Pro_25.jpg,8
HG10/pinky/keep\WIN_20180602_17_54_43_Pro_58.jpg,5
HG10/okay/keep\WIN_20180602_16_29_16_Pro_26.jpg,4
HG10/pinky/keep\WIN_20180602_17_54_43_Pro_44.jpg,5
HG10/5_finger_close/keep\WIN_20180602_17_33_03_Pro_07.jpg,0
HG10/hand_gun/keep\WIN_20180602_17_11_17_Pro_02.jpg,3
HG10/yeah/keep\WIN_20180602_17_49_21_Pro_52.jpg,9
HG10/camera/keep\WIN_20180602_17_24_36_Pro_32.jpg,2
HG10/rock_on/keep\WIN_20180602_17_38_35_Pro_62.jpg,7
HG10/camera/keep\WIN_20180602_17_27_18_Pro_66.jpg,2
HG10/pinky/keep\WIN_20180602_17_54_43_Pro_55.jpg,5
HG10/camera/keep\WIN_20180602_17_24_36_Pro_45.jpg,2
HG10/pinky/keep\WIN_20180602_17_55_57_Pro_03.jpg,5
HG10/point/keep\WIN_20180602_17_19_22_Pro_38.jpg,6
HG10/rock_on/keep\WIN_20180602_17_39_36_Pro_43.jpg,7
HG10/okay/keep\WIN_20180602_16_26_59_Pro_40.jpg,4
HG10/5_finger_close/keep\WIN_20180602_17_34_08_Pro_13.jpg,0
HG10/5_finger_open/keep\WIN_20180602_16_08_01_Pro_018.jpg,1
HG10/camera/keep\WIN_20180602_17_27_18_Pro_62.jpg,2
HG10/rock_on/keep\WIN_20180602_17_37_57_Pro_38.jpg,7
HG10/hand_gun/keep\WIN_20180602_17_10_05_Pro_42.jpg,3
HG10/pinky/keep\WIN_20180602_17_54_43_Pro_04.jpg,5
HG10/thumb_up/keep\WIN_20180602_17_43_16_Pro_16.jpg,8
HG10/rock_on/keep\WIN_20180602_17_37_57_Pro_45.jpg,7
HG10/5_finger_open/keep\WIN_20180602_16_08_01_Pro_057.jpg,1
HG10/5_finger_close/keep\WIN_20180602_17_33_03_Pro_04.jpg,0
HG10/yeah/keep\WIN_20180602_17_51_08_Pro_22.jpg,9
HG10/pinky/keep\WIN_20180602_17_55_57_Pro_04.jpg,5
HG10/5_finger_close/keep\WIN_20180602_17_32_15_Pro_34.jpg,0
HG10/point/keep\WIN_20180602_17_18_19_Pro_05.jpg,6
HG10/point/keep\WIN_20180602_17_18_19_Pro_52.jpg,6
HG10/rock_on/keep\WIN_20180602_17_39_36_Pro_19.jpg,7
HG10/okay/keep\WIN_20180602_16_26_59_Pro_09.jpg,4
HG10/pinky/keep\WIN_20180602_17_53_56_Pro_22.jpg,5
HG10/okay/keep\WIN_20180602_16_26_59_Pro_25.jpg,4
HG10/hand_gun/keep\WIN_20180602_17_11_17_Pro_31.jpg,3
HG10/point/keep\WIN_20180602_17_18_19_Pro_40.jpg,6
HG10/5_finger_close/keep\WIN_20180602_17_32_15_Pro_12.jpg,0
HG10/rock_on/keep\WIN_20180602_17_38_35_Pro_03.jpg,7
HG10/okay/keep\WIN_20180602_16_26_59_Pro_35.jpg,4
HG10/pinky/keep\WIN_20180602_17_55_57_Pro_01.jpg,5
HG10/5_finger_close/keep\WIN_20180602_17_32_15_Pro_40.jpg,0
HG10/5_finger_close/keep\WIN_20180602_17_33_03_Pro_41.jpg,0
HG10/rock_on/keep\WIN_20180602_17_38_35_Pro_16.jpg,7
HG10/camera/keep\WIN_20180602_17_27_18_Pro_23.jpg,2
HG10/camera/keep\WIN_20180602_17_24_36_Pro_13.jpg,2
HG10/okay/keep\WIN_20180602_16_29_16_Pro_27.jpg,4
HG10/thumb_up/keep\WIN_20180602_17_45_06_Pro_04.jpg,8
HG10/rock_on/keep\WIN_20180602_17_38_35_Pro_11.jpg,7
HG10/hand_gun/keep\WIN_20180602_17_09_20_Pro_17.jpg,3
HG10/thumb_up/keep\WIN_20180602_17_43_16_Pro_24.jpg,8
HG10/point/keep\WIN_20180602_17_18_19_Pro_11.jpg,6
HG10/5_finger_open/keep\WIN_20180602_16_02_31_Pro_096.jpg,1
HG10/point/keep\WIN_20180602_17_18_19_Pro_60.jpg,6
HG10/point/keep\WIN_20180602_17_19_22_Pro_41.jpg,6
HG10/point/keep\WIN_20180602_17_18_19_Pro_31.jpg,6
HG10/camera/keep\WIN_20180602_17_24_36_Pro_33.jpg,2
HG10/hand_gun/keep\WIN_20180602_17_10_05_Pro_50.jpg,3
HG10/camera/keep\WIN_20180602_17_24_36_Pro_31.jpg,2
HG10/5_finger_close/keep\WIN_20180602_17_34_08_Pro_08.jpg,0
HG10/thumb_up/keep\WIN_20180602_17_43_16_Pro_21.jpg,8
HG10/5_finger_open/keep\WIN_20180602_16_08_01_Pro_174.jpg,1
HG10/okay/keep\WIN_20180602_16_26_59_Pro_33.jpg,4
HG10/point/keep\WIN_20180602_17_19_22_Pro_27.jpg,6
HG10/pinky/keep\WIN_20180602_17_55_57_Pro_20.jpg,5
HG10/thumb_up/keep\WIN_20180602_17_45_06_Pro_10.jpg,8
HG10/rock_on/keep\WIN_20180602_17_37_57_Pro_09.jpg,7
HG10/5_finger_open/keep\WIN_20180602_16_02_31_Pro_035.jpg,1
HG10/camera/keep\WIN_20180602_17_28_36_Pro_19.jpg,2
HG10/thumb_up/keep\WIN_20180602_17_44_08_Pro_14.jpg,8
HG10/yeah/keep\WIN_20180602_17_49_21_Pro_36.jpg,9
HG10/yeah/keep\WIN_20180602_17_50_10_Pro_33.jpg,9
HG10/hand_gun/keep\WIN_20180602_17_11_17_Pro_20.jpg,3
HG10/hand_gun/keep\WIN_20180602_17_10_05_Pro_30.jpg,3
HG10/okay/keep\WIN_20180602_16_26_59_Pro_51.jpg,4
HG10/hand_gun/keep\WIN_20180602_17_11_17_Pro_08.jpg,3
HG10/5_finger_close/keep\WIN_20180602_17_33_03_Pro_37.jpg,0
HG10/5_finger_close/keep\WIN_20180602_17_32_15_Pro_03.jpg,0
HG10/camera/keep\WIN_20180602_17_28_36_Pro_25.jpg,2
HG10/yeah/keep\WIN_20180602_17_50_10_Pro_35.jpg,9
HG10/camera/keep\WIN_20180602_17_24_36_Pro_11.jpg,2
HG10/5_finger_open/keep\WIN_20180602_16_22_54_Pro_059.jpg,1
HG10/rock_on/keep\WIN_20180602_17_37_57_Pro_08.jpg,7
HG10/yeah/keep\WIN_20180602_17_50_10_Pro_22.jpg,9
HG10/5_finger_close/keep\WIN_20180602_17_32_15_Pro_32.jpg,0
HG10/5_finger_open/keep\WIN_20180602_16_02_31_Pro_071.jpg,1
HG10/hand_gun/keep\WIN_20180602_17_11_17_Pro_29.jpg,3
HG10/point/keep\WIN_20180602_17_19_22_Pro_12.jpg,6
HG10/5_finger_close/keep\WIN_20180602_17_33_03_Pro_56.jpg,0
HG10/5_finger_close/keep\WIN_20180602_17_32_15_Pro_38.jpg,0
HG10/camera/keep\WIN_20180602_17_27_18_Pro_34.jpg,2
HG10/camera/keep\WIN_20180602_17_24_36_Pro_48.jpg,2
HG10/5_finger_open/keep\WIN_20180602_16_22_54_Pro_104.jpg,1
HG10/yeah/keep\WIN_20180602_17_51_08_Pro_39.jpg,9
HG10/5_finger_open/keep\WIN_20180602_16_23_28_Pro_55.jpg,1
HG10/point/keep\WIN_20180602_17_18_19_Pro_68.jpg,6
HG10/yeah/keep\WIN_20180602_17_49_21_Pro_19.jpg,9
HG10/yeah/keep\WIN_20180602_17_50_10_Pro_30.jpg,9
HG10/point/keep\WIN_20180602_17_18_19_Pro_62.jpg,6
HG10/yeah/keep\WIN_20180602_17_49_21_Pro_06.jpg,9
HG10/point/keep\WIN_20180602_17_18_19_Pro_64.jpg,6
HG10/pinky/keep\WIN_20180602_17_55_57_Pro_08.jpg,5
HG10/hand_gun/keep\WIN_20180602_17_10_05_Pro_67.jpg,3
HG10/camera/keep\WIN_20180602_17_27_18_Pro_37.jpg,2
HG10/5_finger_close/keep\WIN_20180602_17_33_03_Pro_45.jpg,0
HG10/5_finger_open/keep\WIN_20180602_16_23_28_Pro_53.jpg,1
HG10/hand_gun/keep\WIN_20180602_17_10_05_Pro_29.jpg,3
HG10/thumb_up/keep\WIN_20180602_17_43_16_Pro_05.jpg,8
HG10/hand_gun/keep\WIN_20180602_17_09_20_Pro_45.jpg,3
HG10/yeah/keep\WIN_20180602_17_49_21_Pro_04.jpg,9
HG10/hand_gun/keep\WIN_20180602_17_11_17_Pro_49.jpg,3
HG10/pinky/keep\WIN_20180602_17_54_43_Pro_26.jpg,5
HG10/yeah/keep\WIN_20180602_17_51_08_Pro_09.jpg,9
HG10/hand_gun/keep\WIN_20180602_17_09_20_Pro_33.jpg,3
HG10/camera/keep\WIN_20180602_17_24_36_Pro_38.jpg,2
HG10/yeah/keep\WIN_20180602_17_51_08_Pro_31.jpg,9
HG10/thumb_up/keep\WIN_20180602_17_43_16_Pro_36.jpg,8
HG10/5_finger_close/keep\WIN_20180602_17_32_15_Pro_31.jpg,0
HG10/camera/keep\WIN_20180602_17_27_18_Pro_57.jpg,2
HG10/hand_gun/keep\WIN_20180602_17_10_05_Pro_21.jpg,3
HG10/pinky/keep\WIN_20180602_17_55_57_Pro_37.jpg,5
HG10/yeah/keep\WIN_20180602_17_51_08_Pro_38.jpg,9
HG10/thumb_up/keep\WIN_20180602_17_43_16_Pro_44.jpg,8
HG10/yeah/keep\WIN_20180602_17_51_08_Pro_08.jpg,9
HG10/okay/keep\WIN_20180602_16_26_59_Pro_06.jpg,4
HG10/camera/keep\WIN_20180602_17_27_18_Pro_26.jpg,2
HG10/okay/keep\WIN_20180602_16_27_54_Pro_06.jpg,4
HG10/5_finger_open/keep\WIN_20180602_16_22_54_Pro_006.jpg,1
HG10/5_finger_open/keep\WIN_20180602_16_08_01_Pro_115.jpg,1
HG10/pinky/keep\WIN_20180602_17_53_56_Pro_07.jpg,5
HG10/thumb_up/keep\WIN_20180602_17_43_16_Pro_38.jpg,8
HG10/okay/keep\WIN_20180602_16_27_54_Pro_11.jpg,4
HG10/hand_gun/keep\WIN_20180602_17_10_05_Pro_43.jpg,3
HG10/pinky/keep\WIN_20180602_17_54_43_Pro_62.jpg,5
HG10/yeah/keep\WIN_20180602_17_49_21_Pro_21.jpg,9
HG10/5_finger_close/keep\WIN_20180602_17_33_03_Pro_10.jpg,0
HG10/5_finger_open/keep\WIN_20180602_16_02_31_Pro_030.jpg,1
HG10/thumb_up/keep\WIN_20180602_17_45_06_Pro_27.jpg,8
HG10/point/keep\WIN_20180602_17_18_19_Pro_59.jpg,6
HG10/camera/keep\WIN_20180602_17_27_18_Pro_20.jpg,2
HG10/thumb_up/keep\WIN_20180602_17_45_06_Pro_20.jpg,8
HG10/thumb_up/keep\WIN_20180602_17_43_16_Pro_22.jpg,8
HG10/yeah/keep\WIN_20180602_17_50_10_Pro_41.jpg,9
HG10/point/keep\WIN_20180602_17_19_22_Pro_36.jpg,6
HG10/yeah/keep\WIN_20180602_17_49_21_Pro_22.jpg,9
HG10/thumb_up/keep\WIN_20180602_17_44_08_Pro_21.jpg,8
HG10/5_finger_open/keep\WIN_20180602_16_08_01_Pro_111.jpg,1
HG10/rock_on/keep\WIN_20180602_17_37_57_Pro_27.jpg,7
HG10/point/keep\WIN_20180602_17_18_19_Pro_16.jpg,6
HG10/5_finger_close/keep\WIN_20180602_17_33_03_Pro_33.jpg,0
HG10/okay/keep\WIN_20180602_16_29_16_Pro_02.jpg,4
HG10/hand_gun/keep\WIN_20180602_17_11_17_Pro_10.jpg,3
HG10/okay/keep\WIN_20180602_16_29_16_Pro_29.jpg,4
HG10/hand_gun/keep\WIN_20180602_17_09_20_Pro_20.jpg,3
HG10/camera/keep\WIN_20180602_17_28_36_Pro_06.jpg,2
HG10/point/keep\WIN_20180602_17_18_19_Pro_26.jpg,6
HG10/okay/keep\WIN_20180602_16_27_54_Pro_36.jpg,4
HG10/yeah/keep\WIN_20180602_17_51_08_Pro_20.jpg,9
HG10/pinky/keep\WIN_20180602_17_53_56_Pro_36.jpg,5
HG10/thumb_up/keep\WIN_20180602_17_44_08_Pro_10.jpg,8
HG10/5_finger_close/keep\WIN_20180602_17_33_03_Pro_51.jpg,0
HG10/thumb_up/keep\WIN_20180602_17_43_16_Pro_48.jpg,8
HG10/5_finger_close/keep\WIN_20180602_17_33_03_Pro_12.jpg,0
HG10/5_finger_close/keep\WIN_20180602_17_33_03_Pro_55.jpg,0
HG10/thumb_up/keep\WIN_20180602_17_44_08_Pro_17.jpg,8
HG10/hand_gun/keep\WIN_20180602_17_11_17_Pro_09.jpg,3
HG10/pinky/keep\WIN_20180602_17_53_56_Pro_46.jpg,5
HG10/5_finger_close/keep\WIN_20180602_17_32_15_Pro_35.jpg,0
HG10/camera/keep\WIN_20180602_17_27_18_Pro_49.jpg,2
HG10/okay/keep\WIN_20180602_16_27_54_Pro_12.jpg,4
HG10/thumb_up/keep\WIN_20180602_17_43_16_Pro_39.jpg,8
HG10/thumb_up/keep\WIN_20180602_17_47_59_Pro 01.jpg,8
HG10/rock_on/keep\WIN_20180602_17_39_36_Pro_45.jpg,7
HG10/okay/keep\WIN_20180602_16_29_16_Pro_05.jpg,4
HG10/okay/keep\WIN_20180602_16_26_59_Pro_08.jpg,4
HG10/okay/keep\WIN_20180602_16_27_54_Pro_14.jpg,4
HG10/5_finger_open/keep\WIN_20180602_16_08_01_Pro_103.jpg,1
HG10/rock_on/keep\WIN_20180602_17_37_57_Pro_03.jpg,7
HG10/point/keep\WIN_20180602_17_18_19_Pro_54.jpg,6
HG10/pinky/keep\WIN_20180602_17_54_43_Pro_07.jpg,5
HG10/okay/keep\WIN_20180602_16_27_54_Pro_35.jpg,4
HG10/5_finger_open/keep\WIN_20180602_16_08_01_Pro_129.jpg,1
HG10/yeah/keep\WIN_20180602_17_50_10_Pro_27.jpg,9
HG10/point/keep\WIN_20180602_17_19_22_Pro_16.jpg,6
HG10/pinky/keep\WIN_20180602_17_54_43_Pro_01.jpg,5
HG10/point/keep\WIN_20180602_17_18_19_Pro_63.jpg,6
HG10/yeah/keep\WIN_20180602_17_51_08_Pro_01.jpg,9
HG10/yeah/keep\WIN_20180602_17_50_10_Pro_04.jpg,9
HG10/thumb_up/keep\WIN_20180602_17_43_16_Pro_42.jpg,8
HG10/camera/keep\WIN_20180602_17_24_36_Pro_24.jpg,2
HG10/point/keep\WIN_20180602_17_17_37_Pro_11.jpg,6
HG10/yeah/keep\WIN_20180602_17_49_21_Pro_25.jpg,9
HG10/rock_on/keep\WIN_20180602_17_38_35_Pro_02.jpg,7
HG10/point/keep\WIN_20180602_17_18_19_Pro_50.jpg,6
HG10/thumb_up/keep\WIN_20180602_17_43_16_Pro_23.jpg,8
HG10/camera/keep\WIN_20180602_17_27_18_Pro_52.jpg,2
HG10/pinky/keep\WIN_20180602_17_54_43_Pro_41.jpg,5
HG10/thumb_up/keep\WIN_20180602_17_44_08_Pro_13.jpg,8
HG10/hand_gun/keep\WIN_20180602_17_09_20_Pro_15.jpg,3
HG10/5_finger_close/keep\WIN_20180602_17_32_15_Pro_30.jpg,0
HG10/pinky/keep\WIN_20180602_17_53_56_Pro_04.jpg,5
HG10/thumb_up/keep\WIN_20180602_17_43_16_Pro_01.jpg,8
HG10/yeah/keep\WIN_20180602_17_50_10_Pro_19.jpg,9
HG10/rock_on/keep\WIN_20180602_17_39_36_Pro_11.jpg,7
HG10/5_finger_open/keep\WIN_20180602_16_22_54_Pro_108.jpg,1
HG10/rock_on/keep\WIN_20180602_17_37_57_Pro_24.jpg,7
HG10/yeah/keep\WIN_20180602_17_50_10_Pro_38.jpg,9
HG10/rock_on/keep\WIN_20180602_17_38_35_Pro_56.jpg,7
HG10/thumb_up/keep\WIN_20180602_17_43_16_Pro_11.jpg,8
HG10/5_finger_open/keep\WIN_20180602_16_02_31_Pro_031.jpg,1
HG10/thumb_up/keep\WIN_20180602_17_44_08_Pro_07.jpg,8
HG10/yeah/keep\WIN_20180602_17_50_10_Pro_12.jpg,9
HG10/camera/keep\WIN_20180602_17_27_18_Pro_43.jpg,2
HG10/camera/keep\WIN_20180602_17_28_36_Pro_15.jpg,2
HG10/point/keep\WIN_20180602_17_18_19_Pro_34.jpg,6
HG10/camera/keep\WIN_20180602_17_28_36_Pro_10.jpg,2
HG10/pinky/keep\WIN_20180602_17_54_43_Pro_45.jpg,5
HG10/5_finger_close/keep\WIN_20180602_17_33_03_Pro_08.jpg,0
HG10/okay/keep\WIN_20180602_16_26_59_Pro_12.jpg,4
HG10/yeah/keep\WIN_20180602_17_51_08_Pro_36.jpg,9
HG10/hand_gun/keep\WIN_20180602_17_10_05_Pro_46.jpg,3
HG10/5_finger_close/keep\WIN_20180602_17_33_03_Pro_52.jpg,0
HG10/rock_on/keep\WIN_20180602_17_39_36_Pro_34.jpg,7
HG10/hand_gun/keep\WIN_20180602_17_11_17_Pro_16.jpg,3
HG10/pinky/keep\WIN_20180602_17_55_57_Pro_14.jpg,5
HG10/okay/keep\WIN_20180602_16_27_54_Pro_10.jpg,4
HG10/point/keep\WIN_20180602_17_17_37_Pro_15.jpg,6
HG10/okay/keep\WIN_20180602_16_26_59_Pro_16.jpg,4
HG10/5_finger_close/keep\WIN_20180602_17_33_03_Pro_60.jpg,0
HG10/5_finger_open/keep\WIN_20180602_16_08_01_Pro_045.jpg,1
HG10/hand_gun/keep\WIN_20180602_17_10_05_Pro_08.jpg,3
HG10/yeah/keep\WIN_20180602_17_49_21_Pro_08.jpg,9
HG10/point/keep\WIN_20180602_17_19_22_Pro_21.jpg,6
HG10/okay/keep\WIN_20180602_16_26_59_Pro_46.jpg,4
HG10/hand_gun/keep\WIN_20180602_17_10_05_Pro_57.jpg,3
HG10/pinky/keep\WIN_20180602_17_54_43_Pro_52.jpg,5
HG10/5_finger_close/keep\WIN_20180602_17_32_15_Pro_45.jpg,0
HG10/point/keep\WIN_20180602_17_19_22_Pro_02.jpg,6
HG10/rock_on/keep\WIN_20180602_17_39_36_Pro_37.jpg,7
HG10/okay/keep\WIN_20180602_16_26_59_Pro_30.jpg,4
HG10/okay/keep\WIN_20180602_16_27_54_Pro_42.jpg,4
HG10/thumb_up/keep\WIN_20180602_17_44_08_Pro_24.jpg,8
HG10/pinky/keep\WIN_20180602_17_54_43_Pro_31.jpg,5
HG10/hand_gun/keep\WIN_20180602_17_09_20_Pro_02.jpg,3
HG10/5_finger_open/keep\WIN_20180602_16_08_01_Pro_142.jpg,1
HG10/rock_on/keep\WIN_20180602_17_38_35_Pro_36.jpg,7
HG10/okay/keep\WIN_20180602_16_27_54_Pro_15.jpg,4
HG10/camera/keep\WIN_20180602_17_28_36_Pro_01.jpg,2
HG10/5_finger_open/keep\WIN_20180602_16_02_31_Pro_012.jpg,1
HG10/yeah/keep\WIN_20180602_17_49_21_Pro_35.jpg,9
HG10/hand_gun/keep\WIN_20180602_17_10_05_Pro_44.jpg,3
HG10/point/keep\WIN_20180602_17_18_19_Pro_19.jpg,6
HG10/hand_gun/keep\WIN_20180602_17_10_05_Pro_31.jpg,3
HG10/point/keep\WIN_20180602_17_19_22_Pro_30.jpg,6
HG10/pinky/keep\WIN_20180602_17_53_56_Pro_10.jpg,5
HG10/hand_gun/keep\WIN_20180602_17_09_20_Pro_43.jpg,3
HG10/5_finger_open/keep\WIN_20180602_16_02_31_Pro_077.jpg,1
HG10/5_finger_close/keep\WIN_20180602_17_33_03_Pro_36.jpg,0
HG10/camera/keep\WIN_20180602_17_27_18_Pro_61.jpg,2
HG10/pinky/keep\WIN_20180602_17_53_56_Pro_27.jpg,5
HG10/pinky/keep\WIN_20180602_17_53_56_Pro_33.jpg,5
HG10/point/keep\WIN_20180602_17_18_19_Pro_04.jpg,6
HG10/pinky/keep\WIN_20180602_17_55_57_Pro_21.jpg,5
HG10/okay/keep\WIN_20180602_16_26_59_Pro_19.jpg,4
HG10/okay/keep\WIN_20180602_16_27_54_Pro_04.jpg,4
HG10/camera/keep\WIN_20180602_17_24_36_Pro_47.jpg,2
HG10/rock_on/keep\WIN_20180602_17_39_36_Pro_01.jpg,7
HG10/camera/keep\WIN_20180602_17_27_18_Pro_47.jpg,2
HG10/rock_on/keep\WIN_20180602_17_37_57_Pro_10.jpg,7
HG10/okay/keep\WIN_20180602_16_27_54_Pro_27.jpg,4
HG10/hand_gun/keep\WIN_20180602_17_09_20_Pro_19.jpg,3
HG10/5_finger_open/keep\WIN_20180602_16_22_54_Pro_007.jpg,1
HG10/5_finger_open/keep\WIN_20180602_16_02_31_Pro_066.jpg,1
HG10/pinky/keep\WIN_20180602_17_53_56_Pro_32.jpg,5
HG10/5_finger_close/keep\WIN_20180602_17_32_15_Pro_47.jpg,0
HG10/yeah/keep\WIN_20180602_17_49_21_Pro_09.jpg,9
HG10/okay/keep\WIN_20180602_16_29_16_Pro_24.jpg,4
HG10/camera/keep\WIN_20180602_17_24_36_Pro_50.jpg,2
HG10/point/keep\WIN_20180602_17_17_37_Pro_22.jpg,6
HG10/point/keep\WIN_20180602_17_19_22_Pro_03.jpg,6
HG10/5_finger_close/keep\WIN_20180602_17_34_08_Pro_07.jpg,0
HG10/5_finger_open/keep\WIN_20180602_16_08_01_Pro_092.jpg,1
HG10/rock_on/keep\WIN_20180602_17_39_36_Pro_35.jpg,7
HG10/5_finger_open/keep\WIN_20180602_16_02_31_Pro_079.jpg,1
HG10/thumb_up/keep\WIN_20180602_17_44_08_Pro_11.jpg,8
HG10/rock_on/keep\WIN_20180602_17_39_36_Pro_15.jpg,7
HG10/pinky/keep\WIN_20180602_17_55_57_Pro_34.jpg,5
HG10/yeah/keep\WIN_20180602_17_50_10_Pro_11.jpg,9
HG10/thumb_up/keep\WIN_20180602_17_43_16_Pro_46.jpg,8
HG10/thumb_up/keep\WIN_20180602_17_44_08_Pro_23.jpg,8
HG10/yeah/keep\WIN_20180602_17_50_10_Pro_25.jpg,9
HG10/okay/keep\WIN_20180602_16_26_59_Pro_04.jpg,4
HG10/thumb_up/keep\WIN_20180602_17_44_08_Pro_15.jpg,8
HG10/pinky/keep\WIN_20180602_17_55_57_Pro_30.jpg,5
HG10/5_finger_open/keep\WIN_20180602_16_02_31_Pro_070.jpg,1
HG10/point/keep\WIN_20180602_17_18_19_Pro_27.jpg,6
HG10/point/keep\WIN_20180602_17_19_22_Pro_22.jpg,6
HG10/okay/keep\WIN_20180602_16_26_59_Pro_21.jpg,4
HG10/camera/keep\WIN_20180602_17_27_18_Pro_40.jpg,2
HG10/pinky/keep\WIN_20180602_17_54_43_Pro_09.jpg,5
HG10/point/keep\WIN_20180602_17_19_22_Pro_24.jpg,6
HG10/camera/keep\WIN_20180602_17_24_36_Pro_30.jpg,2
HG10/thumb_up/keep\WIN_20180602_17_45_06_Pro_19.jpg,8
HG10/thumb_up/keep\WIN_20180602_17_43_16_Pro_14.jpg,8
HG10/camera/keep\WIN_20180602_17_24_36_Pro_18.jpg,2
HG10/camera/keep\WIN_20180602_17_28_36_Pro_03.jpg,2
HG10/pinky/keep\WIN_20180602_17_55_57_Pro_05.jpg,5
HG10/5_finger_close/keep\WIN_20180602_17_33_03_Pro_46.jpg,0
HG10/yeah/keep\WIN_20180602_17_49_21_Pro_43.jpg,9
HG10/point/keep\WIN_20180602_17_17_37_Pro_38.jpg,6
HG10/okay/keep\WIN_20180602_16_27_54_Pro_08.jpg,4
HG10/okay/keep\WIN_20180602_16_26_59_Pro_28.jpg,4
HG10/camera/keep\WIN_20180602_17_27_18_Pro_60.jpg,2
HG10/camera/keep\WIN_20180602_17_27_18_Pro_65.jpg,2
HG10/5_finger_open/keep\WIN_20180602_16_08_01_Pro_160.jpg,1
HG10/hand_gun/keep\WIN_20180602_17_11_17_Pro_32.jpg,3
HG10/5_finger_close/keep\WIN_20180602_17_34_08_Pro_11.jpg,0
HG10/5_finger_close/keep\WIN_20180602_17_33_03_Pro_40.jpg,0
HG10/5_finger_open/keep\WIN_20180602_16_22_54_Pro_095.jpg,1
HG10/camera/keep\WIN_20180602_17_24_36_Pro_37.jpg,2
HG10/pinky/keep\WIN_20180602_17_53_56_Pro_21.jpg,5
HG10/camera/keep\WIN_20180602_17_27_18_Pro_24.jpg,2
HG10/camera/keep\WIN_20180602_17_24_36_Pro_07.jpg,2
HG10/camera/keep\WIN_20180602_17_27_18_Pro_03.jpg,2
HG10/pinky/keep\WIN_20180602_17_54_43_Pro_13.jpg,5
HG10/okay/keep\WIN_20180602_16_27_54_Pro_16.jpg,4
HG10/thumb_up/keep\WIN_20180602_17_43_16_Pro_30.jpg,8
HG10/pinky/keep\WIN_20180602_17_55_57_Pro_36.jpg,5
HG10/camera/keep\WIN_20180602_17_24_36_Pro_49.jpg,2
HG10/5_finger_open/keep\WIN_20180602_16_08_01_Pro_109.jpg,1
HG10/pinky/keep\WIN_20180602_17_55_57_Pro_07.jpg,5
HG10/point/keep\WIN_20180602_17_19_22_Pro_29.jpg,6
HG10/5_finger_close/keep\WIN_20180602_17_34_08_Pro_14.jpg,0
HG10/camera/keep\WIN_20180602_17_24_36_Pro_02.jpg,2
HG10/okay/keep\WIN_20180602_16_26_59_Pro_52.jpg,4
HG10/thumb_up/keep\WIN_20180602_17_44_08_Pro_22.jpg,8
HG10/5_finger_open/keep\WIN_20180602_16_08_01_Pro_073.jpg,1
HG10/camera/keep\WIN_20180602_17_27_18_Pro_28.jpg,2
HG10/camera/keep\WIN_20180602_17_27_18_Pro_50.jpg,2
HG10/hand_gun/keep\WIN_20180602_17_10_05_Pro_01.jpg,3
HG10/yeah/keep\WIN_20180602_17_50_10_Pro_09.jpg,9
HG10/rock_on/keep\WIN_20180602_17_39_36_Pro_22.jpg,7
HG10/5_finger_close/keep\WIN_20180602_17_32_15_Pro_07.jpg,0
HG10/hand_gun/keep\WIN_20180602_17_10_05_Pro_55.jpg,3
HG10/point/keep\WIN_20180602_17_17_37_Pro_33.jpg,6
HG10/5_finger_close/keep\WIN_20180602_17_32_15_Pro_24.jpg,0
HG10/point/keep\WIN_20180602_17_18_19_Pro_38.jpg,6
HG10/point/keep\WIN_20180602_17_18_19_Pro_37.jpg,6
HG10/camera/keep\WIN_20180602_17_24_36_Pro_12.jpg,2
HG10/point/keep\WIN_20180602_17_18_19_Pro_03.jpg,6
HG10/pinky/keep\WIN_20180602_17_54_43_Pro_12.jpg,5
HG10/5_finger_close/keep\WIN_20180602_17_32_15_Pro_14.jpg,0
HG10/hand_gun/keep\WIN_20180602_17_11_17_Pro_24.jpg,3
HG10/okay/keep\WIN_20180602_16_26_59_Pro_29.jpg,4
HG10/yeah/keep\WIN_20180602_17_50_10_Pro_05.jpg,9
HG10/camera/keep\WIN_20180602_17_24_36_Pro_08.jpg,2
HG10/yeah/keep\WIN_20180602_17_51_08_Pro_26.jpg,9
HG10/camera/keep\WIN_20180602_17_27_18_Pro_56.jpg,2
HG10/yeah/keep\WIN_20180602_17_50_10_Pro_37.jpg,9
HG10/thumb_up/keep\WIN_20180602_17_43_16_Pro_17.jpg,8
HG10/rock_on/keep\WIN_20180602_17_39_36_Pro_44.jpg,7
HG10/camera/keep\WIN_20180602_17_27_18_Pro_18.jpg,2
HG10/okay/keep\WIN_20180602_16_27_54_Pro_21.jpg,4
HG10/5_finger_open/keep\WIN_20180602_16_02_31_Pro_058.jpg,1
HG10/hand_gun/keep\WIN_20180602_17_10_05_Pro_58.jpg,3
HG10/point/keep\WIN_20180602_17_19_22_Pro_20.jpg,6
HG10/point/keep\WIN_20180602_17_18_19_Pro_10.jpg,6
HG10/point/keep\WIN_20180602_17_17_37_Pro_43.jpg,6
HG10/5_finger_close/keep\WIN_20180602_17_33_03_Pro_20.jpg,0
HG10/rock_on/keep\WIN_20180602_17_37_57_Pro_18.jpg,7
HG10/rock_on/keep\WIN_20180602_17_37_57_Pro_05.jpg,7
HG10/okay/keep\WIN_20180602_16_27_54_Pro_05.jpg,4
HG10/hand_gun/keep\WIN_20180602_17_11_17_Pro_48.jpg,3
HG10/hand_gun/keep\WIN_20180602_17_10_05_Pro_24.jpg,3
HG10/pinky/keep\WIN_20180602_17_55_57_Pro_13.jpg,5
HG10/hand_gun/keep\WIN_20180602_17_09_20_Pro_03.jpg,3
HG10/rock_on/keep\WIN_20180602_17_39_36_Pro_04.jpg,7
HG10/thumb_up/keep\WIN_20180602_17_43_16_Pro_31.jpg,8
HG10/point/keep\WIN_20180602_17_19_22_Pro_13.jpg,6
HG10/okay/keep\WIN_20180602_16_27_54_Pro_29.jpg,4
HG10/5_finger_close/keep\WIN_20180602_17_32_15_Pro_23.jpg,0
HG10/thumb_up/keep\WIN_20180602_17_44_08_Pro_03.jpg,8
HG10/camera/keep\WIN_20180602_17_27_18_Pro_25.jpg,2
HG10/rock_on/keep\WIN_20180602_17_38_35_Pro_34.jpg,7
HG10/okay/keep\WIN_20180602_16_27_54_Pro_39.jpg,4
HG10/rock_on/keep\WIN_20180602_17_39_36_Pro_41.jpg,7
HG10/point/keep\WIN_20180602_17_19_22_Pro_05.jpg,6
HG10/rock_on/keep\WIN_20180602_17_37_57_Pro_31.jpg,7
HG10/5_finger_open/keep\WIN_20180602_16_02_31_Pro_081.jpg,1
HG10/pinky/keep\WIN_20180602_17_53_56_Pro_39.jpg,5
HG10/yeah/keep\WIN_20180602_17_49_21_Pro_20.jpg,9
HG10/point/keep\WIN_20180602_17_18_19_Pro_53.jpg,6
HG10/camera/keep\WIN_20180602_17_27_18_Pro_06.jpg,2
HG10/5_finger_close/keep\WIN_20180602_17_34_08_Pro_33.jpg,0
HG10/rock_on/keep\WIN_20180602_17_38_35_Pro_60.jpg,7
HG10/pinky/keep\WIN_20180602_17_53_56_Pro_30.jpg,5
HG10/camera/keep\WIN_20180602_17_27_18_Pro_10.jpg,2
HG10/5_finger_open/keep\WIN_20180602_16_22_54_Pro_054.jpg,1
HG10/point/keep\WIN_20180602_17_19_22_Pro_34.jpg,6
HG10/pinky/keep\WIN_20180602_17_54_43_Pro_51.jpg,5
HG10/yeah/keep\WIN_20180602_17_49_21_Pro_50.jpg,9
HG10/camera/keep\WIN_20180602_17_24_36_Pro_25.jpg,2
HG10/hand_gun/keep\WIN_20180602_17_10_05_Pro_15.jpg,3
HG10/5_finger_close/keep\WIN_20180602_17_32_15_Pro_11.jpg,0
HG10/camera/keep\WIN_20180602_17_27_18_Pro_38.jpg,2
HG10/yeah/keep\WIN_20180602_17_50_10_Pro_06.jpg,9
HG10/camera/keep\WIN_20180602_17_24_36_Pro_05.jpg,2
HG10/hand_gun/keep\WIN_20180602_17_11_17_Pro_12.jpg,3
HG10/5_finger_open/keep\WIN_20180602_16_08_01_Pro_172.jpg,1
HG10/pinky/keep\WIN_20180602_17_53_56_Pro_23.jpg,5
HG10/yeah/keep\WIN_20180602_17_49_21_Pro_51.jpg,9
HG10/5_finger_open/keep\WIN_20180602_16_08_01_Pro_039.jpg,1
HG10/pinky/keep\WIN_20180602_17_53_56_Pro_34.jpg,5
HG10/thumb_up/keep\WIN_20180602_17_43_16_Pro_43.jpg,8
HG10/rock_on/keep\WIN_20180602_17_39_36_Pro_23.jpg,7
HG10/yeah/keep\WIN_20180602_17_51_08_Pro_32.jpg,9
HG10/5_finger_open/keep\WIN_20180602_16_22_54_Pro_062.jpg,1
HG10/5_finger_open/keep\WIN_20180602_16_22_54_Pro_008.jpg,1
HG10/pinky/keep\WIN_20180602_17_55_57_Pro_25.jpg,5
HG10/point/keep\WIN_20180602_17_18_19_Pro_58.jpg,6
HG10/okay/keep\WIN_20180602_16_29_16_Pro_06.jpg,4
HG10/camera/keep\WIN_20180602_17_27_18_Pro_13.jpg,2
HG10/rock_on/keep\WIN_20180602_17_37_57_Pro_22.jpg,7
HG10/okay/keep\WIN_20180602_16_29_16_Pro_21.jpg,4
HG10/okay/keep\WIN_20180602_16_26_59_Pro_10.jpg,4
HG10/pinky/keep\WIN_20180602_17_54_43_Pro_02.jpg,5
HG10/hand_gun/keep\WIN_20180602_17_11_17_Pro_07.jpg,3
HG10/okay/keep\WIN_20180602_16_27_54_Pro_26.jpg,4
HG10/rock_on/keep\WIN_20180602_17_38_35_Pro_10.jpg,7
HG10/thumb_up/keep\WIN_20180602_17_44_08_Pro_27.jpg,8
HG10/thumb_up/keep\WIN_20180602_17_43_16_Pro_52.jpg,8
HG10/thumb_up/keep\WIN_20180602_17_44_08_Pro_34.jpg,8
HG10/5_finger_open/keep\WIN_20180602_16_08_01_Pro_056.jpg,1
HG10/5_finger_open/keep\WIN_20180602_16_22_54_Pro_107.jpg,1
HG10/point/keep\WIN_20180602_17_19_22_Pro_35.jpg,6
HG10/pinky/keep\WIN_20180602_17_54_43_Pro_57.jpg,5
HG10/camera/keep\WIN_20180602_17_27_18_Pro_30.jpg,2
HG10/rock_on/keep\WIN_20180602_17_39_36_Pro_27.jpg,7
HG10/point/keep\WIN_20180602_17_17_37_Pro_42.jpg,6
HG10/point/keep\WIN_20180602_17_19_22_Pro_32.jpg,6
HG10/5_finger_close/keep\WIN_20180602_17_34_08_Pro_17.jpg,0
HG10/point/keep\WIN_20180602_17_19_22_Pro_33.jpg,6
HG10/hand_gun/keep\WIN_20180602_17_11_17_Pro_46.jpg,3
HG10/point/keep\WIN_20180602_17_19_22_Pro_11.jpg,6
HG10/hand_gun/keep\WIN_20180602_17_10_05_Pro_19.jpg,3
HG10/pinky/keep\WIN_20180602_17_54_43_Pro_48.jpg,5
HG10/rock_on/keep\WIN_20180602_17_37_57_Pro_39.jpg,7
HG10/point/keep\WIN_20180602_17_17_37_Pro_19.jpg,6
HG10/camera/keep\WIN_20180602_17_27_18_Pro_09.jpg,2
HG10/rock_on/keep\WIN_20180602_17_39_36_Pro_14.jpg,7
HG10/pinky/keep\WIN_20180602_17_54_43_Pro_38.jpg,5
HG10/hand_gun/keep\WIN_20180602_17_09_20_Pro_34.jpg,3
HG10/point/keep\WIN_20180602_17_18_19_Pro_69.jpg,6
HG10/point/keep\WIN_20180602_17_18_19_Pro_47.jpg,6
HG10/hand_gun/keep\WIN_20180602_17_11_17_Pro_30.jpg,3
HG10/point/keep\WIN_20180602_17_18_19_Pro_35.jpg,6
HG10/camera/keep\WIN_20180602_17_24_36_Pro_22.jpg,2
HG10/pinky/keep\WIN_20180602_17_54_43_Pro_16.jpg,5
HG10/hand_gun/keep\WIN_20180602_17_10_05_Pro_14.jpg,3
HG10/point/keep\WIN_20180602_17_19_22_Pro_31.jpg,6
HG10/5_finger_open/keep\WIN_20180602_16_02_31_Pro_083.jpg,1
HG10/rock_on/keep\WIN_20180602_17_37_57_Pro_49.jpg,7
HG10/pinky/keep\WIN_20180602_17_53_56_Pro_26.jpg,5
HG10/rock_on/keep\WIN_20180602_17_38_35_Pro_64.jpg,7
HG10/okay/keep\WIN_20180602_16_26_59_Pro_15.jpg,4
HG10/rock_on/keep\WIN_20180602_17_37_57_Pro_34.jpg,7
HG10/rock_on/keep\WIN_20180602_17_39_36_Pro_31.jpg,7
HG10/5_finger_close/keep\WIN_20180602_17_32_15_Pro_28.jpg,0
HG10/okay/keep\WIN_20180602_16_27_54_Pro_01.jpg,4
HG10/5_finger_open/keep\WIN_20180602_16_02_31_Pro_010.jpg,1
HG10/point/keep\WIN_20180602_17_19_22_Pro_40.jpg,6
HG10/rock_on/keep\WIN_20180602_17_37_57_Pro_14.jpg,7
HG10/hand_gun/keep\WIN_20180602_17_10_05_Pro_54.jpg,3
HG10/pinky/keep\WIN_20180602_17_53_56_Pro_08.jpg,5
HG10/hand_gun/keep\WIN_20180602_17_09_20_Pro_35.jpg,3
HG10/rock_on/keep\WIN_20180602_17_37_57_Pro_21.jpg,7
HG10/thumb_up/keep\WIN_20180602_17_44_08_Pro_08.jpg,8
HG10/hand_gun/keep\WIN_20180602_17_11_17_Pro_28.jpg,3
HG10/pinky/keep\WIN_20180602_17_55_57_Pro_06.jpg,5
HG10/yeah/keep\WIN_20180602_17_49_21_Pro_28.jpg,9
HG10/pinky/keep\WIN_20180602_17_55_57_Pro_26.jpg,5
HG10/camera/keep\WIN_20180602_17_24_36_Pro_10.jpg,2
HG10/5_finger_open/keep\WIN_20180602_16_23_28_Pro_56.jpg,1
HG10/hand_gun/keep\WIN_20180602_17_11_17_Pro_41.jpg,3
HG10/5_finger_open/keep\WIN_20180602_16_02_31_Pro_006.jpg,1
HG10/yeah/keep\WIN_20180602_17_50_10_Pro_07.jpg,9
HG10/okay/keep\WIN_20180602_16_26_59_Pro_22.jpg,4
HG10/okay/keep\WIN_20180602_16_27_54_Pro_40.jpg,4
HG10/camera/keep\WIN_20180602_17_24_36_Pro_15.jpg,2
HG10/5_finger_open/keep\WIN_20180602_16_02_31_Pro_042.jpg,1
HG10/okay/keep\WIN_20180602_16_29_16_Pro_16.jpg,4
HG10/rock_on/keep\WIN_20180602_17_39_36_Pro_13.jpg,7
HG10/yeah/keep\WIN_20180602_17_51_08_Pro_06.jpg,9
HG10/hand_gun/keep\WIN_20180602_17_10_05_Pro_49.jpg,3
HG10/yeah/keep\WIN_20180602_17_49_21_Pro_16.jpg,9
HG10/yeah/keep\WIN_20180602_17_49_21_Pro_34.jpg,9
HG10/5_finger_close/keep\WIN_20180602_17_34_08_Pro_30.jpg,0
HG10/rock_on/keep\WIN_20180602_17_38_35_Pro_31.jpg,7
HG10/pinky/keep\WIN_20180602_17_55_57_Pro_22.jpg,5
HG10/camera/keep\WIN_20180602_17_27_18_Pro_48.jpg,2
HG10/camera/keep\WIN_20180602_17_24_36_Pro_27.jpg,2
HG10/thumb_up/keep\WIN_20180602_17_44_08_Pro_12.jpg,8
HG10/pinky/keep\WIN_20180602_17_54_43_Pro_14.jpg,5
HG10/point/keep\WIN_20180602_17_19_22_Pro_17.jpg,6
HG10/okay/keep\WIN_20180602_16_27_54_Pro_28.jpg,4
HG10/point/keep\WIN_20180602_17_18_19_Pro_41.jpg,6
HG10/rock_on/keep\WIN_20180602_17_39_36_Pro_48.jpg,7
HG10/pinky/keep\WIN_20180602_17_53_56_Pro_50.jpg,5
HG10/5_finger_open/keep\WIN_20180602_16_23_28_Pro_18.jpg,1
HG10/5_finger_open/keep\WIN_20180602_16_08_01_Pro_119.jpg,1
HG10/hand_gun/keep\WIN_20180602_17_10_05_Pro_69.jpg,3
HG10/rock_on/keep\WIN_20180602_17_38_35_Pro_12.jpg,7
HG10/thumb_up/keep\WIN_20180602_17_43_16_Pro_45.jpg,8
HG10/yeah/keep\WIN_20180602_17_50_10_Pro_45.jpg,9
HG10/hand_gun/keep\WIN_20180602_17_09_20_Pro_22.jpg,3
HG10/5_finger_open/keep\WIN_20180602_16_08_01_Pro_080.jpg,1
HG10/yeah/keep\WIN_20180602_17_49_21_Pro_38.jpg,9
HG10/yeah/keep\WIN_20180602_17_50_10_Pro_23.jpg,9
HG10/yeah/keep\WIN_20180602_17_49_21_Pro_12.jpg,9
HG10/camera/keep\WIN_20180602_17_27_18_Pro_39.jpg,2
HG10/point/keep\WIN_20180602_17_19_22_Pro_15.jpg,6
HG10/okay/keep\WIN_20180602_16_29_16_Pro_10.jpg,4
HG10/5_finger_open/keep\WIN_20180602_16_08_01_Pro_148.jpg,1
HG10/yeah/keep\WIN_20180602_17_50_10_Pro_49.jpg,9
HG10/point/keep\WIN_20180602_17_18_19_Pro_39.jpg,6
HG10/rock_on/keep\WIN_20180602_17_37_57_Pro_01.jpg,7
HG10/5_finger_open/keep\WIN_20180602_16_08_01_Pro_005.jpg,1
HG10/pinky/keep\WIN_20180602_17_54_43_Pro_11.jpg,5
HG10/rock_on/keep\WIN_20180602_17_37_57_Pro_33.jpg,7
HG10/pinky/keep\WIN_20180602_17_54_43_Pro_30.jpg,5
HG10/5_finger_close/keep\WIN_20180602_17_34_08_Pro_01.jpg,0
HG10/thumb_up/keep\WIN_20180602_17_47_59_Pro 03.jpg,8
HG10/pinky/keep\WIN_20180602_17_53_56_Pro_06.jpg,5
HG10/point/keep\WIN_20180602_17_17_37_Pro_18.jpg,6
HG10/rock_on/keep\WIN_20180602_17_37_57_Pro_19.jpg,7
HG10/okay/keep\WIN_20180602_16_26_59_Pro_36.jpg,4
HG10/rock_on/keep\WIN_20180602_17_39_36_Pro_06.jpg,7
HG10/5_finger_open/keep\WIN_20180602_16_22_54_Pro_096.jpg,1
HG10/camera/keep\WIN_20180602_17_28_36_Pro_16.jpg,2
HG10/pinky/keep\WIN_20180602_17_53_56_Pro_19.jpg,5
HG10/hand_gun/keep\WIN_20180602_17_11_17_Pro_33.jpg,3
HG10/hand_gun/keep\WIN_20180602_17_10_05_Pro_62.jpg,3
HG10/point/keep\WIN_20180602_17_19_22_Pro_06.jpg,6
HG10/5_finger_open/keep\WIN_20180602_16_22_54_Pro_051.jpg,1
HG10/pinky/keep\WIN_20180602_17_53_56_Pro_14.jpg,5
HG10/5_finger_close/keep\WIN_20180602_17_33_03_Pro_53.jpg,0
HG10/pinky/keep\WIN_20180602_17_54_43_Pro_63.jpg,5
HG10/5_finger_close/keep\WIN_20180602_17_33_03_Pro_02.jpg,0
HG10/hand_gun/keep\WIN_20180602_17_09_20_Pro_40.jpg,3
